346020426|0.20|15.00|0|5.0|8.8|796.5
346032926|0.20|15.00|0|4.4|1.8|804.0
346045426|0.20|15.00|0|3.5|0.0|806.7
346057926|0.20|15.00|0|3.9|5.2|801.7
346070426|0.20|15.00|0|4.8|8.5|796.0
346082926|0.20|15.00|0|4.1|1.3|803.7
346095426|0.20|15.00|0|3.3|0.0|806.0
346107926|0.20|15.00|0|3.4|4.0|803.7
346120426|0.20|15.00|0|4.7|9.8|796.7
346132926|0.20|15.00|0|4.6|4.5|800.0
346145426|0.20|15.00|0|3.7|0.0|807.0
346157926|0.20|15.00|0|3.8|4.2|804.2
346170426|0.20|15.00|0|5.3|11.0|797.7
346182926|0.20|15.00|0|5.4|5.7|799.2
346195426|0.20|15.00|0|4.3|0.0|805.2
346207926|0.20|15.00|0|3.9|2.5|805.5
346220426|0.20|15.00|0|5.4|11.3|797.0
346232926|0.20|15.00|0|5.7|6.7|799.0
346245426|0.20|15.00|0|4.5|0.0|805.2
346257926|0.20|15.00|0|4.0|2.0|805.2
346270426|0.20|15.00|0|5.3|10.5|798.7
346282926|0.20|15.00|0|5.7|7.0|798.0
346295426|0.20|15.00|0|4.5|0.0|802.7
346307926|0.20|15.00|0|4.1|2.2|804.0
346320426|0.20|15.00|0|5.0|8.5|801.5
346332926|0.20|15.00|0|5.3|6.7|800.2
346345426|0.20|15.00|0|4.3|0.0|802.0
346357926|0.20|15.00|0|3.7|1.3|804.2
346370426|0.20|15.00|0|4.6|8.3|802.7
346382926|0.20|15.00|0|4.5|4.2|803.5
346395426|0.20|15.00|0|3.6|0.0|800.7
346407926|0.20|15.00|0|3.1|1.0|802.7
346420426|0.20|15.00|0|4.2|8.8|801.7
346432926|0.20|15.00|0|4.3|4.7|805.2
346445426|0.20|15.00|0|3.5|0.0|801.0
346457926|0.20|15.00|0|3.0|1.0|803.0
346470426|0.20|15.00|0|3.7|6.5|802.5
346482926|0.20|15.00|0|3.9|5.0|805.0
346495426|0.20|15.00|0|3.3|0.5|801.2
346507926|0.20|15.00|0|3.4|3.7|800.0
346520426|0.20|15.00|0|4.3|8.3|800.2
346532926|0.20|15.00|0|4.1|3.2|807.0
346545426|0.20|15.00|0|3.6|1.8|802.5
346557926|0.20|15.00|0|3.7|4.0|798.7
346570426|0.20|15.00|0|3.9|4.7|802.0
346582926|0.20|15.00|0|3.9|4.0|805.5
346595426|0.20|15.00|0|3.6|2.2|804.0
346607926|0.20|15.00|0|3.6|3.7|797.2
346620426|0.20|15.00|0|4.4|7.5|798.5
346632926|0.20|15.00|0|4.2|3.5|806.2
346645426|0.20|15.00|0|3.4|0.3|806.7
346657926|0.20|15.00|0|3.7|4.7|799.2
346670426|0.20|15.00|0|4.2|6.2|797.7
346682926|0.20|15.00|0|3.8|2.2|805.2
346695426|0.20|15.00|0|3.1|0.0|806.2
346707926|0.20|15.00|0|3.6|6.0|800.0
346720426|0.20|15.00|0|4.5|8.0|797.2
346732926|0.20|15.00|0|3.9|1.3|805.5
346745426|0.20|15.00|0|3.1|0.0|807.5
346757926|0.20|15.00|0|3.7|6.0|800.7
346770426|0.20|15.00|0|4.8|9.3|797.2
346782926|0.20|15.00|0|4.3|2.2|803.2
346795426|0.20|15.00|0|3.4|0.0|807.7
346807926|0.20|15.00|0|3.9|6.0|802.5
346820426|0.20|15.00|0|5.1|9.5|796.2
346832926|0.20|15.00|0|4.5|2.5|802.5
346845426|0.20|15.00|0|3.6|0.0|807.7
346857926|0.20|15.00|0|3.5|2.7|805.7
346870426|0.20|15.00|0|4.7|9.5|797.5
346882926|0.20|15.00|0|4.2|2.2|801.5
346895426|0.20|15.00|0|3.3|0.0|805.7
346907926|0.20|15.00|0|3.0|1.8|805.5
346920426|0.20|15.00|0|4.7|11.5|796.7
346932926|0.20|15.00|0|5.1|6.7|798.7
346945426|0.20|15.00|0|4.1|0.0|805.5
346957926|0.20|15.00|0|3.9|3.0|804.0
346970426|0.20|15.00|0|5.2|10.5|799.0
346982926|0.20|15.00|0|4.9|3.7|800.2
346995426|0.20|15.00|0|3.9|0.0|804.5
347007926|0.20|15.00|0|3.2|0.5|806.5
347020426|0.20|15.00|0|4.1|7.5|802.0
347032926|0.20|15.00|0|4.6|6.7|799.7
347045426|0.20|15.00|0|3.7|0.0|803.5
347057926|0.20|15.00|0|3.2|1.0|805.2
347070426|0.20|15.00|0|3.9|6.7|803.5
347082926|0.20|15.00|0|4.1|5.0|802.2
347095426|0.20|15.00|0|3.3|0.0|801.0
347107926|0.20|15.00|0|3.0|1.8|802.5
347120426|0.20|15.00|0|3.9|7.7|802.0
347132926|0.20|15.00|0|4.3|5.7|803.7
347145426|0.20|15.00|0|3.9|2.5|800.0
347157926|0.20|15.00|0|3.2|0.5|803.0
347170426|0.20|15.00|0|3.9|6.7|801.7
347182926|0.20|15.00|0|4.1|4.7|805.2
347195426|0.20|15.00|0|3.3|0.0|803.5
347207926|0.20|15.00|0|3.3|3.2|799.2
347220426|0.20|15.00|0|3.9|6.2|802.5
347232926|0.20|15.00|0|3.7|3.0|806.7
347245426|0.20|15.00|0|3.1|0.8|803.0
347257926|0.20|15.00|0|2.9|2.0|799.7
347270426|0.20|15.00|0|3.2|4.5|802.7
347282926|0.20|15.00|0|3.3|3.7|805.2
347295426|0.20|15.00|0|2.7|0.0|804.5
347307926|0.20|15.00|0|3.2|5.2|798.5
347320426|0.20|15.00|0|3.4|4.2|800.2
347332926|0.20|15.00|0|3.7|4.7|805.2
347345426|0.20|15.00|0|2.9|0.0|806.7
347357926|0.20|15.00|0|3.5|6.0|797.2
347370426|0.20|15.00|0|3.9|5.5|798.5
347382926|0.20|15.00|0|3.7|3.0|805.2
347395426|0.20|15.00|0|3.0|0.0|806.7
347407926|0.20|15.00|0|3.7|6.7|799.0
347420426|0.20|15.00|0|4.8|9.3|796.0
347432926|0.20|15.00|0|4.6|3.5|804.0
347445426|0.20|15.00|0|3.7|0.0|808.0
347457926|0.20|15.00|0|3.8|4.2|801.5
347470426|0.20|15.00|0|4.5|7.5|798.0
347482926|0.20|15.00|0|4.5|4.2|802.5
347495426|0.20|15.00|0|3.6|0.0|807.5
347507926|0.20|15.00|0|3.9|5.2|803.7
347520426|0.20|15.00|0|5.0|9.5|797.0
347532926|0.20|15.00|0|4.6|2.7|802.5
347545426|0.20|15.00|0|3.7|0.0|807.0
347557926|0.20|15.00|0|3.6|3.2|805.0
347570426|0.20|15.00|0|4.9|10.3|797.7
347582926|0.20|15.00|0|4.7|3.7|801.5
347595426|0.20|15.00|0|3.7|0.0|805.2
347607926|0.20|15.00|0|3.8|4.0|804.2
347620426|0.20|15.00|0|5.5|12.5|797.0
347632926|0.20|15.00|0|5.4|4.7|800.5
347645426|0.20|15.00|0|4.3|0.0|806.5
347657926|0.20|15.00|0|3.9|2.2|805.0
347670426|0.20|15.00|0|5.5|11.8|799.0
347682926|0.20|15.00|0|5.6|6.2|799.7
347695426|0.20|15.00|0|4.5|0.0|804.2
347707926|0.20|15.00|0|3.6|0.0|806.5
347720426|0.20|15.00|0|5.0|10.5|800.2
347732926|0.20|15.00|0|4.9|4.7|801.7
347745426|0.20|15.00|0|3.9|0.0|803.2
347757926|0.20|15.00|0|3.6|2.2|805.5
347770426|0.20|15.00|0|4.3|7.0|803.7
347782926|0.20|15.00|0|4.6|6.0|803.0
347795426|0.20|15.00|0|3.7|0.0|801.2
347807926|0.20|15.00|0|3.2|1.3|803.7
347820426|0.20|15.00|0|3.8|6.0|803.2
347832926|0.20|15.00|0|3.9|4.2|805.2
347845426|0.20|15.00|0|3.1|0.0|803.0
347857926|0.20|15.00|0|2.9|2.0|803.0
347870426|0.20|15.00|0|3.7|7.0|803.2
347882926|0.20|15.00|0|3.9|4.7|805.2
347895426|0.20|15.00|0|3.3|0.8|801.7
347907926|0.20|15.00|0|3.1|2.2|801.2
347920426|0.20|15.00|0|3.6|5.5|803.2
347932926|0.20|15.00|0|3.7|4.2|806.5
347945426|0.20|15.00|0|3.0|0.3|804.5
347957926|0.20|15.00|0|3.3|4.2|799.5
347970426|0.20|15.00|0|3.8|5.7|803.0
347982926|0.20|15.00|0|3.6|3.0|807.0
347995426|0.20|15.00|0|2.9|0.3|805.5
348007926|0.20|15.00|0|3.1|4.0|799.5
348020426|0.20|15.00|0|3.7|5.7|801.5
348032926|0.20|15.00|0|3.6|3.5|806.5
348045426|0.20|15.00|0|2.9|0.0|807.5
348057926|0.20|15.00|0|3.5|6.0|799.7
348070426|0.20|15.00|0|4.0|6.0|800.2
348082926|0.20|15.00|0|3.3|0.5|808.0
348095426|0.20|15.00|0|2.8|0.8|807.0
348107926|0.20|15.00|0|3.3|5.2|801.2
348120426|0.20|15.00|0|4.0|6.7|799.0
348132926|0.20|15.00|0|3.5|1.8|806.2
348145426|0.20|15.00|0|2.8|0.0|808.0
348157926|0.20|15.00|0|3.4|5.5|802.0
348170426|0.20|15.00|0|4.7|10.0|796.7
348182926|0.20|15.00|0|3.9|0.5|806.7
348195426|0.20|15.00|0|3.1|0.0|808.0
348207926|0.20|15.00|0|3.4|4.7|804.0
348220426|0.20|15.00|0|4.9|10.8|797.2
348232926|0.20|15.00|0|4.5|2.7|804.7
348245426|0.20|15.00|0|3.6|0.0|808.2
348257926|0.20|15.00|0|3.3|2.0|806.0
348270426|0.20|15.00|0|4.3|8.5|799.5
348282926|0.20|15.00|0|3.6|0.8|802.0
348295426|0.20|15.00|0|2.9|0.0|806.5
348307926|0.20|15.00|0|2.9|3.0|806.5
348320426|0.20|15.00|0|4.6|11.3|798.5
348332926|0.20|15.00|0|4.5|4.0|801.5
348345426|0.20|15.00|0|3.6|0.0|807.5
348357926|0.20|15.00|0|3.3|2.0|806.5
348370426|0.20|15.00|0|4.8|10.8|799.7
348382926|0.20|15.00|0|4.9|5.5|801.7
348395426|0.20|15.00|0|3.9|0.0|804.5
348407926|0.20|15.00|0|3.4|1.3|806.2
348420426|0.20|15.00|0|4.6|9.5|802.5
348432926|0.20|15.00|0|4.7|5.0|801.7
348445426|0.20|15.00|0|3.7|0.0|804.0
348457926|0.20|15.00|0|3.6|3.2|804.2
348470426|0.20|15.00|0|4.0|5.5|804.7
348482926|0.20|15.00|0|4.8|7.7|800.2
348495426|0.20|15.00|0|3.8|0.0|802.7
348507926|0.20|15.00|0|3.6|2.5|804.0
348520426|0.20|15.00|0|4.5|8.3|803.0
348532926|0.20|15.00|0|4.7|5.7|803.7
348545426|0.20|15.00|0|3.8|0.0|801.2
348557926|0.20|15.00|0|3.7|3.2|802.2
348570426|0.20|15.00|0|3.9|5.0|805.2
348582926|0.20|15.00|0|4.0|4.2|805.5
348595426|0.20|15.00|0|3.3|0.5|801.7
348607926|0.20|15.00|0|3.0|1.8|802.0
348620426|0.20|15.00|0|3.7|6.5|803.5
348632926|0.20|15.00|0|3.7|3.5|807.0
348645426|0.20|15.00|0|3.3|1.8|803.2
348657926|0.20|15.00|0|3.0|2.0|802.5
348670426|0.20|15.00|0|3.5|5.5|804.0
348682926|0.20|15.00|0|3.1|1.5|808.5
348695426|0.20|15.00|0|3.0|2.7|804.7
348707926|0.20|15.00|0|3.4|4.7|800.2
348720426|0.20|15.00|0|3.8|5.2|803.7
348732926|0.20|15.00|0|3.8|3.7|808.2
348745426|0.20|15.00|0|3.1|0.3|807.5
348757926|0.20|15.00|0|3.5|5.2|801.2
348770426|0.20|15.00|0|4.0|6.0|802.0
348782926|0.20|15.00|0|3.6|2.2|807.7
348795426|0.20|15.00|0|3.2|1.3|807.2
348807926|0.20|15.00|0|3.8|6.5|801.0
348820426|0.20|15.00|0|4.3|6.0|800.7
348832926|0.20|15.00|0|3.8|1.8|807.5
348845426|0.20|15.00|0|3.0|0.0|809.2
348857926|0.20|15.00|0|3.4|4.7|802.5
348870426|0.20|15.00|0|4.0|6.5|800.5
348882926|0.20|15.00|0|3.6|2.2|807.0
348895426|0.20|15.00|0|3.0|0.5|808.0
348907926|0.20|15.00|0|3.8|7.0|802.7
348920426|0.20|15.00|0|5.2|10.8|797.7
348932926|0.20|15.00|0|4.5|1.5|807.0
348945426|0.20|15.00|0|3.6|0.0|809.5
348957926|0.20|15.00|0|3.8|4.5|805.2
348970426|0.20|15.00|0|4.7|8.5|799.5
348982926|0.20|15.00|0|4.3|2.5|804.7
348995426|0.20|15.00|0|3.4|0.0|809.2
349007926|0.20|15.00|0|3.6|4.2|805.5
349020426|0.20|15.00|0|4.7|9.0|800.2
349032926|0.20|15.00|0|4.3|3.0|804.2
349045426|0.20|15.00|0|3.5|0.0|809.5
349057926|0.20|15.00|0|3.5|3.7|806.5
349070426|0.20|15.00|0|5.0|10.8|799.2
349082926|0.20|15.00|0|4.9|4.7|802.5
349095426|0.20|15.00|0|3.9|0.0|808.0
349107926|0.20|15.00|0|3.6|2.0|808.7
349120426|0.20|15.00|0|4.6|8.8|801.7
349132926|0.20|15.00|0|4.2|2.7|803.7
349145426|0.20|15.00|0|3.4|0.0|809.7
349157926|0.20|15.00|0|3.5|3.7|807.2
349170426|0.20|15.00|0|4.1|6.7|804.2
349182926|0.20|15.00|0|4.2|4.7|802.5
349195426|0.20|15.00|0|3.4|0.0|806.5
349207926|0.20|15.00|0|3.1|2.0|807.5
349220426|0.20|15.00|0|4.2|8.5|804.0
349232926|0.20|15.00|0|4.0|3.2|805.7
349245426|0.20|15.00|0|3.2|0.0|807.5
349257926|0.20|15.00|0|3.0|2.2|806.7
349270426|0.20|15.00|0|3.7|6.2|807.5
349282926|0.20|15.00|0|3.9|5.0|805.7
349295426|0.20|15.00|0|3.1|0.0|805.2
349307926|0.20|15.00|0|3.0|2.5|807.0
349320426|0.20|15.00|0|3.7|6.5|807.5
349332926|0.20|15.00|0|3.8|4.2|807.2
349345426|0.20|15.00|0|3.1|0.0|807.0
349357926|0.20|15.00|0|2.8|1.8|806.5
349370426|0.20|15.00|0|3.2|4.7|807.7
349382926|0.20|15.00|0|3.9|6.7|808.5
349395426|0.20|15.00|0|3.3|0.8|806.2
349407926|0.20|15.00|0|3.0|2.0|805.5
349420426|0.20|15.00|0|3.6|5.7|808.0
349432926|0.20|15.00|0|3.5|3.5|809.5
349445426|0.20|15.00|0|2.8|0.0|808.5
349457926|0.20|15.00|0|2.5|1.0|805.5
349470426|0.20|15.00|0|3.2|6.2|807.0
349482926|0.20|15.00|0|3.2|3.2|810.5
349495426|0.20|15.00|0|2.9|1.5|808.2
349507926|0.20|15.00|0|2.9|3.0|805.2
349520426|0.20|15.00|0|3.3|4.7|807.2
349532926|0.20|15.00|0|3.6|4.7|811.5
349545426|0.20|15.00|0|2.9|0.0|810.7
349557926|0.20|15.00|0|3.4|5.5|803.7
349570426|0.20|15.00|0|3.7|4.7|806.5
349582926|0.20|15.00|0|3.7|3.7|811.0
349595426|0.20|15.00|0|2.9|0.0|812.2
349607926|0.20|15.00|0|2.9|2.7|806.0
349620426|0.20|15.00|0|3.5|5.7|804.0
349632926|0.20|15.00|0|3.3|2.7|811.0
349645426|0.20|15.00|0|2.7|0.0|812.7
349657926|0.20|15.00|0|3.0|4.5|806.0
349670426|0.20|15.00|0|3.8|6.7|803.5
349682926|0.20|15.00|0|3.6|2.7|809.2
349695426|0.20|15.00|0|3.0|0.5|812.0
349707926|0.20|15.00|0|3.6|6.2|807.5
349720426|0.20|15.00|0|4.6|8.8|803.5
349732926|0.20|15.00|0|3.8|0.5|809.5
349745426|0.20|15.00|0|3.1|0.0|812.7
349757926|0.20|15.00|0|3.6|6.0|808.2
349770426|0.20|15.00|0|4.1|6.0|805.0
349782926|0.20|15.00|0|3.5|1.0|809.5
349795426|0.20|15.00|0|2.8|0.0|811.5
349807926|0.20|15.00|0|3.3|5.5|809.0
349820426|0.20|15.00|0|4.1|7.2|805.0
349832926|0.20|15.00|0|4.0|3.7|807.5
349845426|0.20|15.00|0|3.2|0.0|812.7
349857926|0.20|15.00|0|3.7|5.5|810.7
349870426|0.20|15.00|0|4.6|8.3|806.7
349882926|0.20|15.00|0|4.4|3.7|807.2
349895426|0.20|15.00|0|3.5|0.0|810.7
349907926|0.20|15.00|0|3.9|5.5|810.5
349920426|0.20|15.00|0|5.3|11.0|807.7
349932926|0.20|15.00|0|5.2|4.7|807.7
349945426|0.20|15.00|0|4.2|0.0|810.0
349957926|0.20|15.00|0|4.4|5.5|810.2
349970426|0.20|15.00|0|5.3|8.8|809.5
349982926|0.20|15.00|0|5.4|5.7|808.2
349995426|0.20|15.00|0|4.3|0.0|808.5
350007926|0.20|15.00|0|4.7|6.0|810.2
350020426|0.20|15.00|0|5.7|9.8|810.7
350032926|0.20|15.00|0|6.2|8.5|809.2
350045426|0.20|15.00|0|5.0|0.0|809.0
350057926|0.20|15.00|0|5.0|5.2|809.7
350070426|0.20|15.00|0|6.1|10.3|810.0
350082926|0.20|15.00|0|6.0|5.7|810.7
350095426|0.20|15.00|0|5.2|2.0|807.7
350107926|0.20|15.00|0|4.7|2.5|809.2
350120426|0.20|15.00|0|5.5|8.8|810.7
350132926|0.20|15.00|0|5.9|7.7|813.0
350145426|0.20|15.00|0|5.0|1.3|809.5
350157926|0.20|15.00|0|5.3|6.2|808.7
350170426|0.20|15.00|0|6.5|11.3|810.2
350182926|0.20|15.00|0|6.5|6.7|812.0
350195426|0.20|15.00|0|5.5|1.5|810.0
350207926|0.20|15.00|0|4.6|1.0|810.2
350220426|0.20|15.00|0|5.2|7.7|809.2
350232926|0.20|15.00|0|4.8|3.0|814.2
350245426|0.20|15.00|0|4.3|2.5|810.2
350257926|0.20|15.00|0|4.6|5.5|806.2
350270426|0.20|15.00|0|5.3|8.0|809.2
350282926|0.20|15.00|0|5.5|6.2|812.7
350295426|0.20|15.00|0|4.9|2.7|811.5
350307926|0.20|15.00|0|5.3|6.7|805.5
350320426|0.20|15.00|0|5.3|5.5|807.7
350332926|0.20|15.00|0|4.7|2.2|814.2
350345426|0.20|15.00|0|4.2|2.0|813.0
350357926|0.20|15.00|0|4.8|7.5|806.5
350370426|0.20|15.00|0|5.1|6.0|807.0
350382926|0.20|15.00|0|4.7|3.2|813.0
350395426|0.20|15.00|0|4.3|2.7|813.7
350407926|0.20|15.00|0|4.7|6.0|807.7
350420426|0.20|15.00|0|4.9|5.7|807.0
350432926|0.20|15.00|0|4.2|1.8|812.7
350445426|0.20|15.00|0|3.4|0.0|815.5
350457926|0.20|15.00|0|4.0|6.2|807.5
350470426|0.20|15.00|0|4.5|6.7|805.7
350482926|0.20|15.00|0|4.2|3.0|810.5
350495426|0.20|15.00|0|3.6|1.3|812.2
350507926|0.20|15.00|0|4.4|7.2|808.2
350520426|0.20|15.00|0|5.2|8.8|804.0
350532926|0.20|15.00|0|4.8|3.0|808.7
350545426|0.20|15.00|0|3.8|0.0|813.0
350557926|0.20|15.00|0|4.5|7.0|810.5
350570426|0.20|15.00|0|5.1|7.7|805.2
350582926|0.20|15.00|0|4.6|2.7|808.5
350595426|0.20|15.00|0|3.7|0.0|812.7
350607926|0.20|15.00|0|4.1|5.5|811.0
350620426|0.20|15.00|0|5.0|8.8|807.5
350632926|0.20|15.00|0|4.1|0.5|810.0
350645426|0.20|15.00|0|3.3|0.0|812.5
350657926|0.20|15.00|0|4.1|7.2|811.2
350670426|0.20|15.00|0|5.3|10.3|807.7
350682926|0.20|15.00|0|5.1|4.2|808.7
350695426|0.20|15.00|0|4.1|0.0|811.7
350707926|0.20|15.00|0|4.5|6.2|812.2
350720426|0.20|15.00|0|5.6|10.0|810.0
350732926|0.20|15.00|0|5.3|4.0|810.0
350745426|0.20|15.00|0|4.2|0.0|812.7
350757926|0.20|15.00|0|4.7|6.5|811.7
350770426|0.20|15.00|0|5.8|10.5|811.0
350782926|0.20|15.00|0|6.0|6.7|809.5
350795426|0.20|15.00|0|4.9|0.3|809.0
350807926|0.20|15.00|0|5.1|6.2|810.2
350820426|0.20|15.00|0|5.8|8.3|811.5
350832926|0.20|15.00|0|6.0|6.7|810.2
350845426|0.20|15.00|0|4.8|0.0|809.2
350857926|0.20|15.00|0|4.5|3.2|808.5
350870426|0.20|15.00|0|5.0|7.0|811.0
350882926|0.20|15.00|0|4.9|4.5|812.0
350895426|0.20|15.00|0|4.0|0.3|808.5
350907926|0.20|15.00|0|4.5|6.7|807.7
350920426|0.20|15.00|0|5.6|10.0|809.7
350932926|0.20|15.00|0|5.6|5.5|811.5
350945426|0.20|15.00|0|4.5|0.3|808.7
350957926|0.20|15.00|0|4.2|2.7|807.5
350970426|0.20|15.00|0|4.5|6.0|810.5
350982926|0.20|15.00|0|4.7|5.5|811.5
350995426|0.20|15.00|0|4.0|1.3|808.0
351007926|0.20|15.00|0|4.3|5.2|805.7
351020426|0.20|15.00|0|4.4|5.0|811.0
351032926|0.20|15.00|0|4.4|4.5|814.0
351045426|0.20|15.00|0|3.7|1.0|810.5
351057926|0.20|15.00|0|3.8|4.2|806.7
351070426|0.20|15.00|0|4.0|4.5|810.0
351082926|0.20|15.00|0|3.9|3.7|814.7
351095426|0.20|15.00|0|3.5|1.8|810.7
351107926|0.20|15.00|0|3.8|5.2|806.2
351120426|0.20|15.00|0|3.8|3.7|810.2
351132926|0.20|15.00|0|3.5|2.0|814.7
351145426|0.20|15.00|0|3.3|2.5|813.0
351157926|0.20|15.00|0|3.7|5.5|806.5
351170426|0.20|15.00|0|4.0|5.2|809.2
351182926|0.20|15.00|0|4.2|5.0|814.5
351195426|0.20|15.00|0|4.1|3.7|812.5
351207926|0.20|15.00|0|4.4|5.5|806.5
351220426|0.20|15.00|0|4.2|3.5|809.0
351232926|0.20|15.00|0|3.9|2.7|815.2
351245426|0.20|15.00|0|3.1|0.0|818.2
351257926|0.20|15.00|0|4.4|9.5|807.5
351270426|0.20|15.00|0|4.8|6.2|808.2
351282926|0.20|15.00|0|4.4|3.0|814.5
351295426|0.20|15.00|0|3.8|1.5|815.0
351307926|0.20|15.00|0|5.0|9.8|810.2
351320426|0.20|15.00|0|5.4|6.7|807.7
351332926|0.20|15.00|0|4.4|0.8|814.0
351345426|0.20|15.00|0|3.6|0.0|816.0
351357926|0.20|15.00|0|4.4|8.0|810.5
351370426|0.20|15.00|0|5.0|7.0|808.2
351382926|0.20|15.00|0|4.3|1.8|811.2
351395426|0.20|15.00|0|3.5|0.0|817.0
351407926|0.20|15.00|0|4.5|8.8|812.7
351420426|0.20|15.00|0|5.8|10.8|808.2
351432926|0.20|15.00|0|5.1|2.2|811.5
351445426|0.20|15.00|0|4.0|0.0|816.5
351457926|0.20|15.00|0|4.8|8.0|813.0
351470426|0.20|15.00|0|6.0|10.8|809.7
351482926|0.20|15.00|0|5.3|2.5|810.2
351495426|0.20|15.00|0|4.3|0.3|812.0
351507926|0.20|15.00|0|4.9|7.5|812.0
351520426|0.20|15.00|0|6.1|10.8|811.7
351532926|0.20|15.00|0|6.1|6.0|811.0
351545426|0.20|15.00|0|4.9|0.0|812.0
351557926|0.20|15.00|0|5.3|7.2|812.5
351570426|0.20|15.00|0|6.6|11.8|812.0
351582926|0.20|15.00|0|6.8|7.7|811.2
351595426|0.20|15.00|0|5.7|1.0|810.0
351607926|0.20|15.00|0|5.9|6.7|813.2
351620426|0.20|15.00|0|6.7|9.8|813.7
351632926|0.20|15.00|0|6.8|7.5|812.0
351645426|0.20|15.00|0|6.0|2.7|810.0
351657926|0.20|15.00|0|6.5|8.3|811.0
351670426|0.20|15.00|0|7.5|11.5|815.0
351682926|0.20|15.00|0|7.9|9.5|814.2
351695426|0.20|15.00|0|7.0|3.2|811.7
351707926|0.20|15.00|0|7.2|8.0|810.7
351720426|0.20|15.00|0|7.5|9.0|816.2
351732926|0.20|15.00|0|7.6|7.7|815.7
351745426|0.20|15.00|0|7.0|4.5|811.5
351757926|0.20|15.00|0|7.3|8.5|809.7
351770426|0.20|15.00|0|8.1|11.5|814.0
351782926|0.20|15.00|0|8.2|8.8|816.0
351795426|0.20|15.00|0|8.0|7.2|810.0
351807926|0.20|15.00|0|8.6|11.0|806.2
351820426|0.20|15.00|0|9.1|11.0|811.7
351832926|0.20|15.00|0|8.7|7.2|816.5
351845426|0.20|15.00|0|8.2|6.0|811.2
351857926|0.20|15.00|0|8.6|10.3|805.0
351870426|0.20|15.00|0|8.7|9.0|810.0
351882926|0.20|15.00|0|8.4|7.2|813.5
351895426|0.20|15.00|0|8.7|10.0|810.5
351907926|0.20|15.00|0|9.0|10.3|803.2
351920426|0.20|15.00|0|9.4|10.8|804.7
351932926|0.20|15.00|0|8.1|3.2|813.0
351945426|0.20|15.00|0|7.4|4.5|811.5
351957926|0.20|15.00|0|8.4|12.3|802.2
351970426|0.20|15.00|0|9.0|11.5|802.7
351982926|0.20|15.00|0|8.3|5.2|809.7
351995426|0.20|15.00|0|7.3|3.2|811.2
352007926|0.20|15.00|0|8.2|12.0|802.5
352020426|0.20|15.00|0|8.8|11.0|800.7
352032926|0.20|15.00|0|7.5|2.5|810.0
352045426|0.20|15.00|0|6.4|2.0|811.7
352057926|0.20|15.00|0|7.7|12.8|804.7
352070426|0.20|15.00|0|8.5|12.0|802.5
352082926|0.20|15.00|0|7.5|3.5|809.2
352095426|0.20|15.00|0|6.6|3.0|812.7
352107926|0.20|15.00|0|7.6|11.3|808.2
352120426|0.20|15.00|0|7.8|8.8|805.5
352132926|0.20|15.00|0|6.8|3.0|808.0
352145426|0.20|15.00|0|6.1|3.2|812.0
352157926|0.20|15.00|0|6.9|10.0|809.2
352170426|0.20|15.00|0|8.0|12.3|806.7
352182926|0.20|15.00|0|7.2|4.2|808.0
352195426|0.20|15.00|0|6.2|2.2|812.0
352207926|0.20|15.00|0|7.2|11.0|810.2
352220426|0.20|15.00|0|8.0|11.3|809.2
352232926|0.20|15.00|0|7.5|5.7|809.2
352245426|0.20|15.00|0|6.1|0.3|812.7
352257926|0.20|15.00|0|7.0|10.8|812.0
352270426|0.20|15.00|0|8.1|12.5|811.5
352282926|0.20|15.00|0|7.8|6.5|810.5
352295426|0.20|15.00|0|6.6|1.8|811.5
352307926|0.20|15.00|0|7.2|9.8|812.7
352320426|0.20|15.00|0|7.6|9.3|816.0
352332926|0.20|15.00|0|7.8|8.8|813.0
352345426|0.20|15.00|0|6.6|1.5|814.0
352357926|0.20|15.00|0|7.0|8.8|814.2
352370426|0.20|15.00|0|7.0|7.0|819.2
352382926|0.20|15.00|0|7.1|7.2|817.2
352395426|0.20|15.00|0|6.9|6.2|813.0
352407926|0.20|15.00|0|6.9|7.0|814.5
352420426|0.20|15.00|0|7.0|7.2|819.7
352432926|0.20|15.00|0|6.8|6.0|820.7
352445426|0.20|15.00|0|6.5|5.5|814.5
352457926|0.20|15.00|0|7.2|9.8|813.0
352470426|0.20|15.00|0|7.4|8.5|819.5
352482926|0.20|15.00|0|7.1|5.5|822.0
352495426|0.20|15.00|0|7.2|7.7|815.2
352507926|0.20|15.00|0|7.2|7.2|813.0
352520426|0.20|15.00|0|7.0|6.0|818.5
352532926|0.20|15.00|0|6.3|3.7|823.2
352545426|0.20|15.00|0|5.7|3.2|820.2
352557926|0.20|15.00|0|6.7|10.8|811.2
352570426|0.20|15.00|0|6.8|7.0|817.2
352582926|0.20|15.00|0|6.1|3.2|822.5
352595426|0.20|15.00|0|5.6|3.7|821.5
352607926|0.20|15.00|0|6.7|11.0|812.0
352620426|0.20|15.00|0|6.5|6.0|815.5
352632926|0.20|15.00|0|5.9|3.5|823.0
352645426|0.20|15.00|0|5.2|2.5|822.5
352657926|0.20|15.00|0|6.4|11.0|813.0
352670426|0.20|15.00|0|7.1|10.0|813.2
352682926|0.20|15.00|0|6.5|4.0|820.5
352695426|0.20|15.00|0|5.6|2.0|823.0
352707926|0.20|15.00|0|6.8|11.5|813.2
352720426|0.20|15.00|0|7.5|10.3|812.2
352732926|0.20|15.00|0|6.3|1.8|820.2
352745426|0.20|15.00|0|5.2|0.8|823.5
352757926|0.20|15.00|0|6.8|13.0|814.5
352770426|0.20|15.00|0|7.7|11.3|813.0
352782926|0.20|15.00|0|6.5|2.0|819.0
352795426|0.20|15.00|0|5.9|3.5|822.0
352807926|0.20|15.00|0|6.8|10.5|818.0
352820426|0.20|15.00|0|7.5|10.3|814.0
352832926|0.20|15.00|0|6.6|3.0|817.5
352845426|0.20|15.00|0|5.7|2.2|822.2
352857926|0.20|15.00|0|6.2|8.0|819.0
352870426|0.20|15.00|0|7.5|12.8|814.0
352882926|0.20|15.00|0|7.0|5.0|816.0
352895426|0.20|15.00|0|5.8|0.8|821.2
352907926|0.20|15.00|0|6.3|8.3|818.7
352920426|0.20|15.00|0|7.2|11.0|816.0
352932926|0.20|15.00|0|7.5|8.8|813.7
352945426|0.20|15.00|0|6.1|0.5|819.2
352957926|0.20|15.00|0|6.8|9.5|818.5
352970426|0.20|15.00|0|7.9|12.5|816.0
352982926|0.20|15.00|0|7.9|7.7|814.0
352995426|0.20|15.00|0|7.2|4.5|815.0
353007926|0.20|15.00|0|7.6|9.3|816.7
353020426|0.20|15.00|0|8.4|11.5|816.5
353032926|0.20|15.00|0|8.4|8.5|812.7
353045426|0.20|15.00|0|7.2|2.2|814.0
353057926|0.20|15.00|0|7.8|10.5|814.5
353070426|0.20|15.00|0|8.6|11.8|815.5
353082926|0.20|15.00|0|8.9|10.0|812.2
353095426|0.20|15.00|0|8.1|4.7|810.2
353107926|0.20|15.00|0|8.6|10.5|811.5
353120426|0.20|15.00|0|8.9|10.3|815.7
353132926|0.20|15.00|0|9.3|11.0|812.7
353145426|0.20|15.00|0|8.7|6.0|808.0
353157926|0.20|15.00|0|9.2|11.3|807.7
353170426|0.20|15.00|0|10.1|13.8|810.7
353182926|0.20|15.00|0|10.3|11.3|811.2
353195426|0.20|15.00|0|9.9|8.3|805.2
353207926|0.20|15.00|0|10.9|14.8|802.2
353220426|0.20|15.00|0|11.5|14.0|808.0
353232926|0.20|15.00|0|11.8|13.0|809.2
353245426|0.20|15.00|0|11.8|12.0|802.0
353257926|0.20|15.00|0|12.8|16.8|797.7
353270426|0.20|15.00|0|13.4|15.5|805.7
353282926|0.20|15.00|0|13.3|13.3|808.5
353295426|0.20|15.00|0|14.0|16.5|802.5
353307926|0.20|15.00|0|15.0|19.0|795.5
353320426|0.20|15.00|0|15.2|16.3|804.0
353332926|0.20|15.00|0|14.7|12.5|809.7
353345426|0.20|15.00|0|15.0|16.5|804.7
353357926|0.20|15.00|0|16.8|23.8|795.5
353370426|0.20|15.00|0|17.0|17.8|802.0
353382926|0.20|15.00|0|16.7|15.5|807.5
353395426|0.20|15.00|0|16.9|17.8|805.5
353407926|0.20|15.00|0|18.3|23.8|795.5
353420426|0.20|15.00|0|18.3|18.3|800.0
353432926|0.20|15.00|0|17.3|13.5|806.7
353445426|0.20|15.00|0|16.9|15.5|807.0
353457926|0.20|15.00|0|18.4|24.3|797.5
353470426|0.20|15.00|0|18.4|18.5|801.7
353482926|0.20|15.00|0|17.1|12.0|811.5
353495426|0.20|15.00|0|16.2|12.3|813.2
353507926|0.20|15.00|0|17.2|21.5|806.2
353520426|0.20|15.00|0|17.4|18.3|806.0
353532926|0.20|15.00|0|16.0|10.3|812.7
353545426|0.20|15.00|0|14.9|10.8|815.5
353557926|0.20|15.00|0|15.7|18.8|809.2
353570426|0.20|15.00|0|16.2|18.3|806.2
353582926|0.20|15.00|0|14.6|8.0|813.5
353595426|0.20|15.00|0|13.8|10.5|815.5
353607926|0.20|15.00|0|14.4|16.8|812.5
353620426|0.20|15.00|0|14.5|15.3|811.0
353632926|0.20|15.00|0|13.6|10.0|814.0
353645426|0.20|15.00|0|12.1|5.7|821.0
353657926|0.20|15.00|0|12.8|16.0|816.0
353670426|0.20|15.00|0|13.1|14.3|814.7
353682926|0.20|15.00|0|11.8|6.7|815.2
353695426|0.20|15.00|0|10.2|3.7|819.5
353707926|0.20|15.00|0|10.5|11.5|817.7
353720426|0.20|15.00|0|11.0|13.0|814.7
353732926|0.20|15.00|0|10.2|7.2|813.5
353745426|0.20|15.00|0|8.7|2.5|817.2
353757926|0.20|15.00|0|9.1|10.8|816.0
353770426|0.20|15.00|0|9.6|11.8|815.5
353782926|0.20|15.00|0|9.1|7.0|812.7
353795426|0.20|15.00|0|7.3|0.0|816.7
353807926|0.20|15.00|0|7.6|9.0|815.0
353820426|0.20|15.00|0|8.2|10.3|815.2
353832926|0.20|15.00|0|7.8|6.2|813.5
353845426|0.20|15.00|0|6.4|0.8|813.5
353857926|0.20|15.00|0|6.7|8.3|813.2
353870426|0.20|15.00|0|6.9|7.7|817.5
353882926|0.20|15.00|0|6.9|6.7|814.2
353895426|0.20|15.00|0|5.9|1.8|812.2
353907926|0.20|15.00|0|6.0|6.7|811.5
353920426|0.20|15.00|0|5.9|5.5|817.7
353932926|0.20|15.00|0|5.7|4.5|816.0
353945426|0.20|15.00|0|5.1|3.0|810.7
353957926|0.20|15.00|0|5.3|6.0|810.5
353970426|0.20|15.00|0|5.5|6.2|817.0
353982926|0.20|15.00|0|4.8|2.2|818.5
353995426|0.20|15.00|0|4.6|3.7|811.7
354007926|0.20|15.00|0|4.8|5.5|810.0
354020426|0.20|15.00|0|4.7|4.5|817.0
354032926|0.20|15.00|0|4.1|1.8|818.7
354045426|0.20|15.00|0|4.5|5.7|813.0
354057926|0.20|15.00|0|5.1|7.7|808.5
354070426|0.20|15.00|0|4.9|4.2|815.2
354082926|0.20|15.00|0|4.0|0.0|819.0
354095426|0.20|15.00|0|4.2|5.2|814.5
354107926|0.20|15.00|0|5.0|8.0|810.0
354120426|0.20|15.00|0|4.5|2.7|815.2
354132926|0.20|15.00|0|3.7|0.3|820.0
354145426|0.20|15.00|0|3.8|4.5|817.0
354157926|0.20|15.00|0|5.4|11.5|808.5
354170426|0.20|15.00|0|5.2|4.7|813.7
354182926|0.20|15.00|0|4.3|0.8|819.5
354195426|0.20|15.00|0|3.8|1.8|819.2
354207926|0.20|15.00|0|4.9|9.0|812.0
354220426|0.20|15.00|0|4.5|3.0|814.5
354232926|0.20|15.00|0|3.6|0.0|819.5
354245426|0.20|15.00|0|2.9|0.0|821.7
354257926|0.20|15.00|0|4.4|10.8|813.5
354270426|0.20|15.00|0|5.1|7.5|814.0
354282926|0.20|15.00|0|4.0|0.0|818.7
354295426|0.20|15.00|0|3.3|0.3|822.0
354307926|0.20|15.00|0|4.5|9.5|816.0
354320426|0.20|15.00|0|5.4|9.0|813.7
354332926|0.20|15.00|0|4.5|0.8|817.5
354345426|0.20|15.00|0|3.9|1.8|822.2
354357926|0.20|15.00|0|4.8|8.0|819.0
354370426|0.20|15.00|0|5.8|9.8|815.7
354382926|0.20|15.00|0|4.9|1.3|817.2
354395426|0.20|15.00|0|4.0|0.8|822.0
354407926|0.20|15.00|0|4.9|8.3|820.0
354420426|0.20|15.00|0|5.4|7.5|819.5
354432926|0.20|15.00|0|5.2|4.2|817.2
354445426|0.20|15.00|0|4.4|1.3|820.0
354457926|0.20|15.00|0|5.2|8.3|820.7
354470426|0.20|15.00|0|6.0|9.3|821.5
354482926|0.20|15.00|0|5.5|3.7|819.7
354495426|0.20|15.00|0|5.4|5.0|818.5
354507926|0.20|15.00|0|6.5|11.0|821.5
354520426|0.20|15.00|0|7.5|11.5|823.5
354532926|0.20|15.00|0|7.1|5.2|820.2
354545426|0.20|15.00|0|6.8|5.5|817.5
354557926|0.20|15.00|0|8.1|13.3|819.5
354570426|0.20|15.00|0|8.9|12.5|825.0
354582926|0.20|15.00|0|8.8|8.3|820.7
354595426|0.20|15.00|0|8.9|9.3|815.7
354607926|0.20|15.00|0|10.1|14.8|818.2
354620426|0.20|15.00|0|11.3|16.0|824.0
354632926|0.20|15.00|0|11.3|11.5|822.2
354645426|0.20|15.00|0|11.3|11.5|816.5
354657926|0.20|15.00|0|11.8|13.5|818.2
354670426|0.20|15.00|0|13.2|18.8|823.2
354682926|0.20|15.00|0|13.6|15.3|824.5
354695426|0.20|15.00|0|13.5|13.0|815.7
354707926|0.20|15.00|0|13.9|15.5|812.2
354720426|0.20|15.00|0|14.0|14.8|820.0
354732926|0.20|15.00|0|12.9|8.5|821.5
354745426|0.20|15.00|0|13.0|13.3|814.0
354757926|0.20|15.00|0|13.8|17.0|808.0
354770426|0.20|15.00|0|13.5|12.5|814.5
354782926|0.20|15.00|0|12.3|7.2|819.5
354795426|0.20|15.00|0|12.9|15.3|811.0
354807926|0.20|15.00|0|13.8|17.3|806.7
354820426|0.20|15.00|0|13.5|12.3|812.2
354832926|0.20|15.00|0|12.3|7.7|817.5
354845426|0.20|15.00|0|12.6|13.8|813.7
354857926|0.20|15.00|0|13.6|17.5|807.5
354870426|0.20|15.00|0|13.2|11.5|810.7
354882926|0.20|15.00|0|12.0|7.5|817.0
354895426|0.20|15.00|0|11.7|10.5|814.5
354907926|0.20|15.00|0|12.4|15.3|808.0
354920426|0.20|15.00|0|12.0|10.3|809.7
354932926|0.20|15.00|0|10.7|5.7|813.7
354945426|0.20|15.00|0|10.4|9.0|814.5
354957926|0.20|15.00|0|11.6|16.3|808.0
354970426|0.20|15.00|0|12.1|14.0|808.2
354982926|0.20|15.00|0|10.2|3.0|816.0
354995426|0.20|15.00|0|9.5|6.7|816.0
355007926|0.20|15.00|0|10.4|13.8|810.2
355020426|0.20|15.00|0|10.4|10.3|810.2
355032926|0.20|15.00|0|8.6|1.5|814.2
355045426|0.20|15.00|0|8.0|5.5|816.5
355057926|0.20|15.00|0|9.4|15.3|811.5
355070426|0.20|15.00|0|10.1|12.8|810.5
355082926|0.20|15.00|0|8.5|2.0|813.5
355095426|0.20|15.00|0|7.9|5.7|817.2
355107926|0.20|15.00|0|8.6|11.3|814.5
355120426|0.20|15.00|0|9.2|11.5|812.5
355132926|0.20|15.00|0|7.5|0.8|813.5
355145426|0.20|15.00|0|6.5|2.7|818.5
355157926|0.20|15.00|0|7.3|10.3|816.2
355170426|0.20|15.00|0|8.1|11.3|815.0
355182926|0.20|15.00|0|7.0|2.7|815.7
355195426|0.20|15.00|0|5.9|1.5|819.5
355207926|0.20|15.00|0|6.3|7.7|818.7
355220426|0.20|15.00|0|6.6|7.7|820.0
355232926|0.20|15.00|0|6.2|4.7|815.7
355245426|0.20|15.00|0|5.8|4.0|818.0
355257926|0.20|15.00|0|6.3|8.3|820.0
355270426|0.20|15.00|0|6.4|7.0|822.5
355282926|0.20|15.00|0|6.0|4.5|818.5
355295426|0.20|15.00|0|5.5|3.2|817.0
355307926|0.20|15.00|0|5.9|7.7|820.5
355320426|0.20|15.00|0|6.0|6.2|824.2
355332926|0.20|15.00|0|5.2|2.0|821.2
355345426|0.20|15.00|0|5.1|4.7|817.5
355357926|0.20|15.00|0|6.1|10.3|819.0
355370426|0.20|15.00|0|6.5|7.7|825.0
355382926|0.20|15.00|0|5.5|1.8|824.0
355395426|0.20|15.00|0|5.6|6.0|816.2
355407926|0.20|15.00|0|5.8|6.5|819.5
355420426|0.20|15.00|0|5.5|4.5|824.2
355432926|0.20|15.00|0|5.1|3.5|823.0
355445426|0.20|15.00|0|5.2|5.2|817.5
355457926|0.20|15.00|0|5.7|8.0|817.7
355470426|0.20|15.00|0|5.8|6.2|825.5
355482926|0.20|15.00|0|5.0|1.8|825.7
355495426|0.20|15.00|0|5.3|6.5|819.0
355507926|0.20|15.00|0|5.8|8.0|817.0
355520426|0.20|15.00|0|5.4|3.7|823.2
355532926|0.20|15.00|0|4.7|2.0|826.7
355545426|0.20|15.00|0|6.0|11.3|817.0
355557926|0.20|15.00|0|7.0|11.0|814.5
355570426|0.20|15.00|0|6.5|4.5|823.0
355582926|0.20|15.00|0|5.2|0.0|827.2
355595426|0.20|15.00|0|5.3|5.7|822.0
355607926|0.20|15.00|0|6.7|12.0|814.5
355620426|0.20|15.00|0|5.9|3.0|822.5
355632926|0.20|15.00|0|5.3|3.0|826.0
355645426|0.20|15.00|0|5.7|7.0|822.7
355657926|0.20|15.00|0|6.7|10.8|815.7
355670426|0.20|15.00|0|6.2|4.2|821.5
355682926|0.20|15.00|0|5.1|0.8|826.2
355695426|0.20|15.00|0|5.7|8.0|823.7
355707926|0.20|15.00|0|7.1|12.5|816.0
355720426|0.20|15.00|0|6.7|5.5|819.5
355732926|0.20|15.00|0|5.4|0.0|825.2
355745426|0.20|15.00|0|5.1|4.0|824.2
355757926|0.20|15.00|0|6.5|12.0|816.0
355770426|0.20|15.00|0|6.5|6.5|818.5
355782926|0.20|15.00|0|5.2|0.0|825.0
355795426|0.20|15.00|0|5.8|8.0|824.5
355807926|0.20|15.00|0|7.6|15.0|816.5
355820426|0.20|15.00|0|7.5|7.0|818.0
355832926|0.20|15.00|0|6.3|1.5|820.2
355845426|0.20|15.00|0|6.0|5.0|822.5
355857926|0.20|15.00|0|8.1|16.5|816.2
355870426|0.20|15.00|0|8.3|9.3|816.2
355882926|0.20|15.00|0|7.1|2.2|818.0
355895426|0.20|15.00|0|6.6|4.5|821.2
355907926|0.20|15.00|0|8.2|14.8|819.2
355920426|0.20|15.00|0|8.8|11.3|815.5
355932926|0.20|15.00|0|8.3|6.0|814.5
355945426|0.20|15.00|0|8.0|6.7|818.5
355957926|0.20|15.00|0|8.7|11.5|818.0
355970426|0.20|15.00|0|9.4|12.5|814.5
355982926|0.20|15.00|0|9.0|7.2|811.7
355995426|0.20|15.00|0|8.6|6.7|816.0
356007926|0.20|15.00|0|9.8|14.8|815.0
356020426|0.20|15.00|0|10.8|15.0|813.2
356032926|0.20|15.00|0|10.5|9.3|810.2
356045426|0.20|15.00|0|10.5|10.3|811.2
356057926|0.20|15.00|0|11.5|15.8|812.0
356070426|0.20|15.00|0|12.7|17.3|812.2
356082926|0.20|15.00|0|12.5|11.8|809.2
356095426|0.20|15.00|0|12.3|11.8|808.2
356107926|0.20|15.00|0|13.4|17.8|810.2
356120426|0.20|15.00|0|14.0|16.5|813.0
356132926|0.20|15.00|0|14.5|16.5|807.7
356145426|0.20|15.00|0|15.1|17.5|805.7
356157926|0.20|15.00|0|16.5|22.0|807.5
356170426|0.20|15.00|0|17.3|20.8|813.5
356182926|0.20|15.00|0|17.6|18.5|810.7
356195426|0.20|15.00|0|18.3|21.0|804.5
356207926|0.20|15.00|0|19.4|23.8|806.5
356220426|0.20|15.00|0|20.3|24.3|809.5
356232926|0.20|15.00|0|20.8|22.8|803.7
356245426|0.20|15.00|0|22.1|27.3|789.5
356257926|0.20|15.00|0|22.0|21.5|790.0
356270426|0.20|15.00|0|21.4|19.0|801.2
356282926|0.20|15.00|0|20.1|15.0|809.7
356295426|0.20|15.00|0|21.3|26.0|801.2
356307926|0.20|15.00|0|22.0|24.8|798.2
356320426|0.20|15.00|0|21.7|20.5|810.5
356332926|0.20|15.00|0|20.5|16.0|814.0
356345426|0.20|15.00|0|21.5|25.3|806.2
356357926|0.20|15.00|0|22.1|24.5|803.0
356370426|0.20|15.00|0|21.4|18.5|811.7
356382926|0.20|15.00|0|20.1|15.0|814.0
356395426|0.20|15.00|0|20.6|22.5|808.0
356407926|0.20|15.00|0|21.0|22.8|805.0
356420426|0.20|15.00|0|20.2|17.0|812.5
356432926|0.20|15.00|0|19.2|15.3|817.0
356445426|0.20|15.00|0|20.2|24.3|815.2
356457926|0.20|15.00|0|20.5|21.5|808.7
356470426|0.20|15.00|0|19.9|17.5|812.0
356482926|0.20|15.00|0|18.1|11.0|820.5
356495426|0.20|15.00|0|18.3|19.3|820.5
356507926|0.20|15.00|0|20.0|26.8|813.2
356520426|0.20|15.00|0|19.3|16.5|815.5
356532926|0.20|15.00|0|17.2|8.8|824.2
356545426|0.20|15.00|0|17.3|17.8|824.2
356557926|0.20|15.00|0|18.1|21.5|819.5
356570426|0.20|15.00|0|17.7|15.8|820.0
356582926|0.20|15.00|0|14.9|4.0|824.5
356595426|0.20|15.00|0|14.5|13.0|824.7
356607926|0.20|15.00|0|15.7|20.5|821.0
356620426|0.20|15.00|0|15.0|12.3|819.0
356632926|0.20|15.00|0|12.8|4.0|821.7
356645426|0.20|15.00|0|12.1|9.3|823.7
356657926|0.20|15.00|0|13.2|17.5|821.2
356670426|0.20|15.00|0|12.9|11.5|818.7
356682926|0.20|15.00|0|10.4|0.8|820.0
356695426|0.20|15.00|0|9.7|6.7|821.7
356707926|0.20|15.00|0|10.0|11.0|822.0
356720426|0.20|15.00|0|9.7|8.8|819.2
356732926|0.20|15.00|0|8.6|4.2|816.5
356745426|0.20|15.00|0|8.0|5.5|820.7
356757926|0.20|15.00|0|8.0|8.0|820.5
356770426|0.20|15.00|0|7.6|6.2|820.7
356782926|0.20|15.00|0|6.8|3.2|816.5
356795426|0.20|15.00|0|6.1|3.5|819.2
356807926|0.20|15.00|0|6.4|7.5|820.0
356820426|0.20|15.00|0|6.2|5.5|821.5
356832926|0.20|15.00|0|6.0|5.2|816.0
356845426|0.20|15.00|0|5.8|5.0|816.2
356857926|0.20|15.00|0|6.1|7.0|819.5
356870426|0.20|15.00|0|5.9|5.5|822.2
356882926|0.20|15.00|0|5.4|3.2|818.7
356895426|0.20|15.00|0|5.5|6.0|814.2
356907926|0.20|15.00|0|6.0|8.0|818.7
356920426|0.20|15.00|0|5.8|5.0|822.2
356932926|0.20|15.00|0|5.2|2.5|819.7
356945426|0.20|15.00|0|5.5|7.0|814.2
356957926|0.20|15.00|0|5.9|7.5|816.7
356970426|0.20|15.00|0|5.5|4.0|823.5
356982926|0.20|15.00|0|4.8|1.8|821.7
356995426|0.20|15.00|0|5.8|9.8|813.5
357007926|0.20|15.00|0|6.0|7.0|816.5
357020426|0.20|15.00|0|5.7|4.5|823.0
357032926|0.20|15.00|0|4.9|1.5|824.5
357045426|0.20|15.00|0|6.0|10.5|815.0
357057926|0.20|15.00|0|7.3|12.5|814.2
357070426|0.20|15.00|0|6.4|2.7|824.2
357082926|0.20|15.00|0|5.3|1.0|826.5
357095426|0.20|15.00|0|6.3|10.3|818.2
357107926|0.20|15.00|0|7.4|11.8|814.0
357120426|0.20|15.00|0|7.4|7.5|823.0
357132926|0.20|15.00|0|6.7|4.0|825.5
357145426|0.20|15.00|0|8.5|15.8|823.0
357157926|0.20|15.00|0|10.1|16.3|814.5
357170426|0.20|15.00|0|10.1|10.0|823.7
357182926|0.20|15.00|0|10.1|10.3|827.0
357195426|0.20|15.00|0|11.8|18.5|824.7
357207926|0.20|15.00|0|14.2|23.8|819.5
357220426|0.20|15.00|0|15.1|19.0|821.5
357232926|0.20|15.00|0|15.6|17.3|827.7
357245426|0.20|15.00|0|17.6|26.0|826.5
357257926|0.20|15.00|0|20.9|33.7|821.2
357270426|0.20|15.00|0|22.6|29.8|819.0
357282926|0.20|15.00|0|22.9|23.8|826.2
357295426|0.20|15.00|1|24.8|32.5|825.0
357307926|0.20|15.00|0|27.9|40.5|820.2
357320426|0.20|15.00|0|30.1|39.0|815.0
357332926|0.20|15.00|0|30.1|29.8|821.7
357345426|0.20|15.00|0|31.7|38.0|824.5
357357926|0.20|15.00|0|34.5|45.7|822.2
357370426|0.20|15.00|0|36.3|43.5|815.5
357382926|0.20|15.00|0|35.9|34.2|816.7
357395426|0.20|15.00|0|36.3|38.2|822.0
357407926|0.20|15.00|0|38.0|44.5|821.2
357420426|0.20|15.00|0|39.4|45.0|811.5
357432926|0.20|15.00|0|38.5|35.0|808.5
357445426|0.20|15.00|0|38.8|39.7|811.0
357457926|0.20|15.00|1|40.0|45.0|811.7
357470426|0.20|15.00|0|40.8|44.0|808.5
357482926|0.20|15.00|0|40.3|38.2|802.5
357495426|0.20|15.00|0|39.1|34.2|808.5
357507926|0.20|15.00|0|39.8|42.5|811.5
357520426|0.20|15.00|0|40.2|41.7|812.2
357532926|0.20|15.00|0|39.2|35.5|807.0
357545426|0.20|15.00|0|38.8|37.2|806.5
357557926|0.20|15.00|0|38.9|39.0|813.2
357570426|0.20|15.00|0|38.6|37.7|815.5
357582926|0.20|15.00|0|37.9|34.7|808.7
357595426|0.20|15.00|0|37.3|35.0|806.0
357607926|0.20|15.00|0|37.0|35.7|814.2
357620426|0.20|15.00|0|36.5|34.7|818.5
357632926|0.20|15.00|0|35.8|32.7|811.5
357645426|0.20|15.00|0|35.2|32.7|808.0
357657926|0.20|15.00|0|34.6|32.5|812.2
357670426|0.20|15.00|0|32.9|26.0|821.7
357682926|0.20|15.00|0|31.5|25.8|817.2
357695426|0.20|15.00|0|31.1|29.5|810.0
357707926|0.20|15.00|0|29.7|24.0|816.7
357720426|0.20|15.00|0|28.0|21.3|824.2
357732926|0.20|15.00|0|26.4|20.0|823.0
357745426|0.20|15.00|0|26.1|25.0|813.0
357757926|0.20|15.00|0|25.0|20.8|817.7
357770426|0.20|15.00|1|23.3|16.5|825.7
357782926|0.20|15.00|0|21.3|13.3|827.0
357795426|0.20|15.00|0|21.4|21.5|816.0
357807926|0.20|15.00|0|20.4|16.8|817.2
357820426|0.20|15.00|0|18.9|13.0|826.0
357832926|0.20|15.00|0|17.0|9.3|828.2
357845426|0.20|15.00|0|17.1|17.5|820.7
357857926|0.20|15.00|0|16.5|14.3|817.0
357870426|0.20|15.00|0|14.8|7.7|825.2
357882926|0.20|15.00|0|13.1|6.2|828.0
357895426|0.20|15.00|0|13.5|15.3|822.7
357907926|0.20|15.00|0|13.2|12.0|817.5
357920426|0.20|15.00|0|11.5|4.5|823.7
357932926|0.20|15.00|0|9.6|2.0|827.7
357945426|0.20|15.00|0|10.6|14.5|822.5
357957926|0.20|15.00|0|10.7|11.3|819.0
357970426|0.20|15.00|0|9.4|4.0|822.7
357982926|0.20|15.00|1|7.8|1.8|825.7
357995426|0.20|15.00|0|9.0|13.5|822.5
358007926|0.20|15.00|0|10.5|16.5|818.7
358020426|0.20|15.00|0|9.7|6.5|819.0
358032926|0.20|15.00|0|8.2|2.2|824.5
358045426|0.20|15.00|0|8.2|8.3|824.2
358057926|0.20|15.00|0|9.0|12.3|817.5
358070426|0.20|15.00|0|8.7|7.5|818.0
358082926|0.20|15.00|0|7.0|0.3|822.2
358095426|0.20|15.00|0|7.6|10.0|820.0
358107926|0.20|15.00|0|9.4|16.5|816.5
358120426|0.20|15.00|0|9.5|10.0|813.2
358132926|0.20|15.00|0|7.9|1.3|818.0
358145426|0.20|15.00|0|8.4|10.8|816.2
358157926|0.20|15.00|0|9.6|14.3|814.2
358170426|0.20|15.00|0|10.2|12.5|811.5
358182926|0.20|15.00|0|8.2|0.3|817.2
358195426|0.20|15.00|0|8.5|9.8|817.7
358207926|0.20|15.00|0|8.9|10.5|820.2
358220426|0.20|15.00|0|9.4|11.3|816.5
358232926|0.20|15.00|0|8.6|5.7|815.2
358245426|0.20|15.00|0|9.0|10.5|817.7
358257926|0.20|15.00|0|9.7|12.3|819.2
358270426|0.20|15.00|0|9.8|10.3|818.0
358282926|0.20|15.00|0|9.6|8.8|812.0
358295426|0.20|15.00|0|9.8|10.8|814.2
358307926|0.20|15.00|0|10.8|15.0|815.5
358320426|0.20|15.00|0|10.3|8.3|818.2
358332926|0.20|15.00|0|9.7|7.0|812.7
358345426|0.20|15.00|0|9.3|8.0|813.2
358357926|0.20|15.00|0|9.3|9.0|816.7
358370426|0.20|15.00|0|9.0|8.0|818.5
358382926|0.20|15.00|0|8.0|4.0|813.0
358395426|0.20|15.00|0|7.9|7.2|810.5
358407926|0.20|15.00|0|8.2|9.8|814.0
358420426|0.20|15.00|0|7.4|4.0|819.2
358432926|0.20|15.00|0|7.0|5.2|813.5
358445426|0.20|15.00|0|6.7|5.5|809.0
358457926|0.20|15.00|0|6.9|7.7|812.7
358470426|0.20|15.00|0|6.3|4.0|818.5
358482926|0.20|15.00|0|6.0|4.7|813.7
358495426|0.20|15.00|0|6.5|8.5|808.0
358507926|0.20|15.00|0|6.5|6.7|811.7
358520426|0.20|15.00|0|6.0|4.0|815.0
358532926|0.20|15.00|0|5.5|3.2|813.0
358545426|0.20|15.00|0|6.8|12.0|806.0
358557926|0.20|15.00|0|6.5|5.2|809.0
358570426|0.20|15.00|0|5.7|2.7|815.0
358582926|0.20|15.00|0|5.1|2.7|814.7
358595426|0.20|15.00|0|5.6|7.2|808.0
358607926|0.20|15.00|0|6.1|8.3|808.5
358620426|0.20|15.00|0|5.7|4.2|813.5
358632926|0.20|15.00|0|4.8|1.3|815.5
358645426|0.20|15.00|0|5.7|9.3|806.7
358657926|0.20|15.00|0|5.9|6.7|806.2
358670426|0.20|15.00|0|5.1|2.0|811.2
358682926|0.20|15.00|0|4.2|0.3|812.5
358695426|0.20|15.00|0|5.1|9.0|808.2
358707926|0.20|15.00|0|5.9|9.0|804.0
358720426|0.20|15.00|0|5.2|2.5|808.0
358732926|0.20|15.00|0|4.2|0.0|810.7
358745426|0.20|15.00|0|4.4|5.5|808.0
358757926|0.20|15.00|0|5.1|7.5|804.0
358770426|0.20|15.00|0|4.2|1.0|806.5
358782926|0.20|15.00|0|3.4|0.0|810.5
358795426|0.20|15.00|0|4.0|6.2|807.2
358807926|0.20|15.00|0|4.5|6.7|804.5
358820426|0.20|15.00|0|4.3|3.2|803.2
358832926|0.20|15.00|0|3.4|0.0|808.2
358845426|0.20|15.00|0|4.0|6.2|805.2
358857926|0.20|15.00|0|4.7|7.7|804.5
358870426|0.20|15.00|0|4.4|3.0|803.0
358882926|0.20|15.00|0|3.5|0.0|805.5
358895426|0.20|15.00|0|4.1|6.5|804.5
358907926|0.20|15.00|0|4.9|8.0|804.2
358920426|0.20|15.00|0|4.7|4.0|802.0
358932926|0.20|15.00|0|3.8|0.0|803.5
358945426|0.20|15.00|0|4.1|5.5|802.7
358957926|0.20|15.00|0|4.3|5.2|805.7
358970426|0.20|15.00|0|4.5|5.2|802.2
358982926|0.20|15.00|0|3.8|0.8|799.7
358995426|0.20|15.00|0|4.4|7.0|800.7
359007926|0.20|15.00|0|4.7|5.7|805.2
359020426|0.20|15.00|0|4.8|5.5|802.5
359032926|0.20|15.00|0|4.0|0.5|800.5
359045426|0.20|15.00|0|4.4|6.2|799.0
359057926|0.20|15.00|0|4.6|5.2|804.2
359070426|0.20|15.00|0|4.4|3.5|805.2
359082926|0.20|15.00|0|3.8|1.3|799.0
359095426|0.20|15.00|0|4.5|7.2|797.5
359107926|0.20|15.00|0|5.1|7.7|803.0
359120426|0.20|15.00|0|4.6|2.5|805.2
359132926|0.20|15.00|0|4.0|1.5|800.0
359145426|0.20|15.00|0|4.7|7.5|796.2
359157926|0.20|15.00|0|4.9|5.7|801.5
