189031474|0.150|6.0|0|23.5|26.3|371.8
189043974|0.150|6.0|0|23.8|25.9|371.5
189056474|0.150|6.0|0|23.7|23.1|373.4
189068974|0.150|6.0|0|23.4|21.9|373.1
189081474|0.150|6.0|0|23.6|24.4|371.8
189093974|0.150|6.0|0|23.9|25.4|372.2
189106474|0.150|6.0|0|23.6|22.2|373.8
189118974|0.150|6.0|0|23.1|20.6|374.0
189131474|0.150|6.0|0|23.4|24.6|371.8
189143974|0.150|6.0|0|23.7|25.3|371.9
189156474|0.150|6.0|0|23.5|22.9|373.8
189168974|0.150|6.0|0|23.2|21.0|373.9
189181474|0.150|6.0|0|23.4|24.6|371.8
189193974|0.150|6.0|0|23.6|24.9|372.2
189206474|0.150|6.0|0|23.5|23.1|373.6
189218974|0.150|6.0|0|23.1|20.8|373.9
189231474|0.150|6.0|0|23.4|25.3|371.6
189243974|0.150|6.0|0|23.7|25.4|372.2
189256474|0.150|6.0|0|23.7|23.6|373.6
189268974|0.150|6.0|0|23.4|21.4|373.7
189281474|0.150|6.0|0|23.5|24.6|372.3
189293974|0.150|6.0|0|24.0|26.7|370.6
189306474|0.150|6.0|0|23.8|22.6|374.2
189318974|0.150|6.0|0|23.3|20.8|374.2
189331474|0.150|6.0|0|23.4|23.5|372.5
189343974|0.150|6.0|0|23.7|25.6|371.9
189356474|0.150|6.0|0|23.6|22.7|373.9
189368974|0.150|6.0|0|23.4|22.4|373.4
189381474|0.150|6.0|0|23.7|25.4|371.9
189393974|0.150|6.0|0|24.0|25.7|371.9
189406474|0.150|6.0|0|23.9|23.6|373.1
189418974|0.150|6.0|0|23.5|21.2|374.3
189431474|0.150|6.0|0|23.6|24.4|372.3
189443974|0.150|6.0|0|23.9|25.6|372.1
189456474|0.150|6.0|0|23.8|23.2|373.8
189468974|0.150|6.0|0|23.2|19.9|374.3
189481474|0.150|6.0|0|23.4|24.3|372.3
189493974|0.150|6.0|0|23.7|25.4|371.8
189506474|0.150|6.0|0|23.5|22.8|374.4
189518974|0.150|6.0|0|23.0|19.8|375.0
189531474|0.150|6.0|0|23.3|24.9|372.2
189543974|0.150|6.0|0|23.7|26.3|371.8
189556474|0.150|6.0|0|23.7|23.4|373.9
189568974|0.150|6.0|0|23.4|21.6|373.7
189581474|0.150|6.0|0|23.6|24.8|372.0
189593974|0.150|6.0|0|23.8|25.4|372.0
189606474|0.150|6.0|0|23.7|22.9|373.7
189618974|0.150|6.0|0|23.3|20.8|374.3
189631474|0.150|6.0|0|23.4|23.9|372.7
189643974|0.150|6.0|0|23.8|26.4|371.7
189656474|0.150|6.0|0|23.7|22.9|374.4
189668974|0.150|6.0|0|23.4|21.8|373.9
189681474|0.150|6.0|0|23.6|24.8|372.5
189693974|0.150|6.0|0|24.1|26.6|372.2
189706474|0.150|6.0|0|24.0|23.6|374.1
189718974|0.150|6.0|0|23.6|21.1|374.4
189731474|0.150|6.0|0|23.6|24.1|372.4
189743974|0.150|6.0|0|24.0|26.2|372.1
189756474|0.150|6.0|0|23.9|23.0|373.8
189768974|0.150|6.0|0|23.4|20.7|374.1
189781474|0.150|6.0|0|23.5|24.1|372.6
189793974|0.150|6.0|0|23.9|25.9|371.9
189806474|0.150|6.0|0|23.7|23.1|373.9
189818974|0.150|6.0|0|23.4|21.3|373.8
189831474|0.150|6.0|0|23.3|23.1|373.1
189843974|0.150|6.0|0|23.8|26.2|371.9
189856474|0.150|6.0|0|23.8|24.1|373.1
189868974|0.150|6.0|0|23.3|20.1|374.2
189881474|0.150|6.0|0|23.4|24.0|372.4
189893974|0.150|6.0|0|23.6|25.3|372.3
189906474|0.150|6.0|0|23.5|23.0|374.0
189918974|0.150|6.0|0|23.0|20.1|374.9
189931474|0.150|6.0|0|23.2|23.9|372.4
189943974|0.150|6.0|0|23.5|25.6|372.4
189956474|0.150|6.0|0|23.5|23.3|373.9
189968974|0.150|6.0|0|23.2|21.3|374.0
189981474|0.150|6.0|0|23.4|24.5|372.6
189993974|0.150|6.0|0|23.7|25.6|372.0
190006474|0.150|6.0|0|23.6|23.4|374.0
190018974|0.150|6.0|0|23.3|21.1|374.4
190031474|0.150|6.0|0|23.4|24.3|372.8
190043974|0.150|6.0|0|23.8|25.9|371.9
190056474|0.150|6.0|0|23.7|23.4|373.6
190068974|0.150|6.0|0|23.3|21.1|373.9
190081474|0.150|6.0|0|23.5|24.8|372.1
190093974|0.150|6.0|0|23.9|25.9|371.9
190106474|0.150|6.0|0|23.8|22.9|374.0
190118974|0.150|6.0|0|23.2|20.0|374.7
190131474|0.150|6.0|0|23.2|23.3|372.8
190143974|0.150|6.0|0|23.6|25.6|372.4
190156474|0.150|6.0|0|23.5|23.5|373.9
190168974|0.150|6.0|0|23.0|20.2|374.6
190181474|0.150|6.0|0|23.1|23.6|373.1
190193974|0.150|6.0|0|23.4|25.3|372.3
190206474|0.150|6.0|0|23.4|23.3|373.9
190218974|0.150|6.0|0|23.0|20.6|374.5
190231474|0.150|6.0|0|23.0|23.3|372.7
190243974|0.150|6.0|0|23.5|25.8|372.3
190256474|0.150|6.0|0|23.5|23.9|372.9
190268974|0.150|6.0|0|23.2|21.4|373.8
190281474|0.150|6.0|0|23.3|24.1|372.3
190293974|0.150|6.0|0|23.7|25.6|372.1
190306474|0.150|6.0|0|23.5|22.8|374.0
190318974|0.150|6.0|0|23.1|20.6|374.5
190331474|0.150|6.0|0|23.2|23.9|372.3
190343974|0.150|6.0|0|23.6|25.8|371.8
190356474|0.150|6.0|0|23.6|23.7|373.5
190368974|0.150|6.0|0|23.3|21.3|373.9
190381474|0.150|6.0|0|23.4|23.9|372.8
190393974|0.150|6.0|0|23.6|25.1|372.1
190406474|0.150|6.0|0|23.6|23.8|373.3
190418974|0.150|6.0|0|23.2|20.8|374.4
190431474|0.150|6.0|0|23.4|24.6|372.3
190443974|0.150|6.0|0|23.8|25.9|371.9
190456474|0.150|6.0|0|23.9|24.3|373.1
190468974|0.150|6.0|0|23.4|20.6|374.6
190481474|0.150|6.0|0|23.5|24.3|372.6
190493974|0.150|6.0|0|23.8|25.3|372.2
190506474|0.150|6.0|0|23.6|22.6|374.2
190518974|0.150|6.0|0|23.1|20.2|374.6
190531474|0.150|6.0|0|23.2|23.9|372.1
190543974|0.150|6.0|0|23.6|25.6|372.2
190556474|0.150|6.0|0|23.5|23.2|373.8
190568974|0.150|6.0|0|23.1|20.9|374.0
190581474|0.150|6.0|0|23.2|23.8|372.4
190593974|0.150|6.0|0|23.6|25.6|371.8
190606474|0.150|6.0|0|23.7|24.4|373.3
190618974|0.150|6.0|0|23.3|20.9|374.8
190631474|0.150|6.0|0|23.2|22.8|373.3
190643974|0.150|6.0|0|23.6|26.2|371.4
190656474|0.150|6.0|0|23.7|24.1|373.8
190668974|0.150|6.0|0|23.3|21.3|373.9
190681474|0.150|6.0|0|23.5|24.3|372.4
190693974|0.150|6.0|0|23.7|25.1|371.8
190706474|0.150|6.0|0|23.7|23.5|373.8
190718974|0.150|6.0|0|23.3|21.4|374.4
190731474|0.150|6.0|0|23.3|22.9|373.0
190743974|0.150|6.0|0|23.6|25.1|371.8
190756474|0.150|6.0|0|23.6|23.7|373.7
190768974|0.150|6.0|0|23.2|21.3|374.1
190781474|0.150|6.0|0|23.4|24.5|372.1
190793974|0.150|6.0|0|23.8|26.0|371.9
190806474|0.150|6.0|0|23.7|23.3|373.8
190818974|0.150|6.0|0|23.3|20.6|374.8
190831474|0.150|6.0|0|23.3|23.7|373.0
190843974|0.150|6.0|0|23.7|26.1|371.6
190856474|0.150|6.0|0|23.7|23.6|373.6
190868974|0.150|6.0|0|23.3|20.9|374.0
190881474|0.150|6.0|0|23.2|22.8|373.1
190893974|0.150|6.0|0|23.6|25.6|371.8
190906474|0.150|6.0|0|23.6|23.9|373.7
190918974|0.150|6.0|0|23.2|20.9|374.1
190931474|0.150|6.0|0|23.2|23.1|372.8
190943974|0.150|6.0|0|23.6|25.7|372.3
190956474|0.150|6.0|0|23.5|23.1|374.1
190968974|0.150|6.0|0|23.1|21.1|374.1
190981474|0.150|6.0|0|23.2|23.5|372.9
190993974|0.150|6.0|0|23.6|25.6|371.9
191006474|0.150|6.0|0|23.6|23.7|373.6
191018974|0.150|6.0|0|23.1|20.6|374.6
191031474|0.150|6.0|0|23.2|23.8|372.6
191043974|0.150|6.0|0|23.5|25.0|372.1
191056474|0.150|6.0|0|23.5|23.2|373.5
191068974|0.150|6.0|0|23.1|20.9|374.4
191081474|0.150|6.0|0|23.1|23.1|373.0
191093974|0.150|6.0|0|23.5|25.9|371.4
191106474|0.150|6.0|0|23.5|23.4|373.7
191118974|0.150|6.0|0|23.0|20.2|374.8
191131474|0.150|6.0|0|22.9|22.6|373.5
191143974|0.150|6.0|0|23.3|25.1|372.5
191156474|0.150|6.0|0|23.3|23.3|374.2
191168974|0.150|6.0|0|23.0|21.4|373.8
191181474|0.150|6.0|0|23.1|24.0|372.8
191193974|0.150|6.0|0|23.4|25.2|371.9
191206474|0.150|6.0|0|23.4|23.2|373.8
191218974|0.150|6.0|0|22.8|19.6|374.9
191231474|0.150|6.0|0|23.0|23.7|372.8
191243974|0.150|6.0|0|23.4|26.1|371.9
191256474|0.150|6.0|0|23.3|22.7|374.2
191268974|0.150|6.0|0|23.0|20.9|374.4
191281474|0.150|6.0|0|23.1|23.8|372.9
191293974|0.150|6.0|0|23.5|26.1|371.6
191306474|0.150|6.0|0|23.5|23.1|374.0
191318974|0.150|6.0|0|22.9|19.6|374.9
191331474|0.150|6.0|0|23.1|24.0|372.5
191343974|0.150|6.0|0|23.6|26.3|371.4
191356474|0.150|6.0|0|23.5|23.1|374.3
191368974|0.150|6.0|0|23.2|21.6|373.9
191381474|0.150|6.0|0|23.2|23.4|373.3
191393974|0.150|6.0|0|23.5|25.2|372.3
191406474|0.150|6.0|0|23.5|23.6|373.8
191418974|0.150|6.0|0|23.1|20.4|374.6
191431474|0.150|6.0|0|23.0|22.8|373.1
191443974|0.150|6.0|0|23.4|25.3|371.9
191456474|0.150|6.0|0|23.3|22.9|374.1
191468974|0.150|6.0|0|22.9|20.5|374.2
191481474|0.150|6.0|0|23.0|23.8|372.8
191493974|0.150|6.0|0|23.5|25.9|371.7
191506474|0.150|6.0|0|23.4|22.8|374.2
191518974|0.150|6.0|0|22.9|20.3|374.9
191531474|0.150|6.0|0|22.9|23.1|372.8
191543974|0.150|6.0|0|23.4|26.3|371.5
191556474|0.150|6.0|0|23.4|23.3|374.1
191568974|0.150|6.0|0|23.0|20.5|374.2
191581474|0.150|6.0|0|23.0|23.3|372.6
191593974|0.150|6.0|0|23.4|25.7|372.0
191606474|0.150|6.0|0|23.6|24.4|373.8
191618974|0.150|6.0|0|23.0|20.1|374.3
191631474|0.150|6.0|0|23.0|22.7|373.5
191643974|0.150|6.0|0|23.3|24.9|372.2
191656474|0.150|6.0|0|23.4|24.1|373.3
191668974|0.150|6.0|0|23.1|21.2|374.5
191681474|0.150|6.0|0|23.1|23.0|373.1
191693974|0.150|6.0|0|23.4|25.4|372.1
191706474|0.150|6.0|0|23.4|23.4|373.8
191718974|0.150|6.0|0|23.0|20.7|374.5
191731474|0.150|6.0|0|23.0|23.3|373.1
191743974|0.150|6.0|0|23.5|26.0|371.8
191756474|0.150|6.0|0|23.5|23.6|373.7
191768974|0.150|6.0|0|23.3|21.8|374.1
191781474|0.150|6.0|0|23.4|24.6|371.9
191793974|0.150|6.0|0|23.8|25.7|371.8
191806474|0.150|6.0|0|23.7|23.2|374.3
191818974|0.150|6.0|0|23.4|21.4|374.6
191831474|0.150|6.0|0|23.2|22.5|373.4
191843974|0.150|6.0|0|23.6|25.9|372.3
191856474|0.150|6.0|0|23.7|23.8|373.6
191868974|0.150|6.0|0|23.2|20.7|374.4
191881474|0.150|6.0|0|23.3|23.6|372.7
191893974|0.150|6.0|0|23.6|25.4|371.6
191906474|0.150|6.0|0|23.5|23.3|373.6
191918974|0.150|6.0|0|23.0|19.8|374.7
191931474|0.150|6.0|0|23.1|23.8|372.7
191943974|0.150|6.0|0|23.5|25.8|371.6
191956474|0.150|6.0|0|23.7|24.5|373.1
191968974|0.150|6.0|0|23.1|19.6|374.1
191981474|0.150|6.0|0|23.1|23.4|373.1
191993974|0.150|6.0|0|23.4|24.8|372.2
192006474|0.150|6.0|0|23.4|23.8|373.3
192018974|0.150|6.0|0|23.0|20.4|374.9
192031474|0.150|6.0|0|22.9|22.8|373.4
192043974|0.150|6.0|0|23.3|25.4|372.1
192056474|0.150|6.0|0|23.4|23.6|373.6
192068974|0.150|6.0|0|23.0|21.1|374.3
192081474|0.150|6.0|0|23.1|23.3|372.8
192093974|0.150|6.0|0|23.5|25.8|371.4
192106474|0.150|6.0|0|23.5|23.9|373.5
192118974|0.150|6.0|0|23.0|20.2|374.6
192131474|0.150|6.0|0|23.1|23.3|372.6
192143974|0.150|6.0|0|23.5|25.8|371.5
192156474|0.150|6.0|0|23.6|24.1|373.8
192168974|0.150|6.0|0|23.2|20.8|374.2
192181474|0.150|6.0|0|23.3|24.0|373.0
192193974|0.150|6.0|0|23.6|25.3|371.6
192206474|0.150|6.0|0|23.7|24.0|373.3
192218974|0.150|6.0|0|23.1|20.1|374.4
192231474|0.150|6.0|0|23.2|23.8|372.5
192243974|0.150|6.0|0|23.6|25.9|371.6
192256474|0.150|6.0|0|23.6|23.6|373.1
192268974|0.150|6.0|0|23.2|20.8|373.8
192281474|0.150|6.0|0|23.2|23.3|372.8
192293974|0.150|6.0|0|23.6|25.9|371.6
192306474|0.150|6.0|0|23.5|23.1|373.9
192318974|0.150|6.0|0|23.1|20.6|374.4
192331474|0.150|6.0|0|23.1|23.1|372.9
192343974|0.150|6.0|0|23.5|25.6|371.1
192356474|0.150|6.0|0|23.5|23.4|373.3
192368974|0.150|6.0|0|23.1|21.2|373.6
192381474|0.150|6.0|0|23.2|23.4|372.8
192393974|0.150|6.0|0|23.6|26.4|370.8
192406474|0.150|6.0|0|23.6|23.2|373.3
192418974|0.150|6.0|0|23.1|20.6|374.3
192431474|0.150|6.0|0|23.0|22.3|373.1
192443974|0.150|6.0|0|23.4|25.4|371.9
192456474|0.150|6.0|0|23.4|23.5|373.8
192468974|0.150|6.0|0|23.2|22.0|373.7
192481474|0.150|6.0|0|23.0|21.9|373.3
192493974|0.150|6.0|0|23.5|26.5|371.7
192506474|0.150|6.0|0|23.4|23.0|373.9
192518974|0.150|6.0|0|23.1|20.9|374.3
192531474|0.150|6.0|0|22.9|22.3|373.5
192543974|0.150|6.0|0|23.4|25.8|371.8
192556474|0.150|6.0|0|23.3|23.1|374.1
192568974|0.150|6.0|0|23.0|21.3|374.1
192581474|0.150|6.0|0|23.1|23.3|373.1
192593974|0.150|6.0|0|23.5|25.8|371.2
192606474|0.150|6.0|0|23.6|24.4|372.6
192618974|0.150|6.0|0|23.1|20.1|374.3
192631474|0.150|6.0|0|23.0|22.6|372.9
192643974|0.150|6.0|0|23.4|25.4|371.5
192656474|0.150|6.0|0|23.4|23.6|373.5
192668974|0.150|6.0|0|23.1|21.3|374.1
192681474|0.150|6.0|0|23.0|22.6|373.0
192693974|0.150|6.0|0|23.3|24.9|371.8
192706474|0.150|6.0|0|23.4|24.3|373.0
192718974|0.150|6.0|0|23.0|20.3|374.6
192731474|0.150|6.0|0|23.0|22.9|373.2
192743974|0.150|6.0|0|23.4|25.6|371.4
192756474|0.150|6.0|0|23.4|23.7|372.9
192768974|0.150|6.0|0|23.0|20.8|373.8
192781474|0.150|6.0|0|23.0|22.8|372.8
192793974|0.150|6.0|0|23.3|25.0|371.9
192806474|0.150|6.0|0|23.3|23.4|373.4
192818974|0.150|6.0|0|22.9|20.3|374.5
192831474|0.150|6.0|0|22.9|22.9|372.7
192843974|0.150|6.0|0|23.3|25.7|371.4
192856474|0.150|6.0|0|23.3|23.6|372.8
192868974|0.150|6.0|0|22.9|20.6|374.1
192881474|0.150|6.0|0|22.9|22.8|373.3
192893974|0.150|6.0|0|23.2|25.2|372.2
192906474|0.150|6.0|0|23.5|24.8|372.8
192918974|0.150|6.0|0|23.0|20.4|374.3
192931474|0.150|6.0|0|22.9|22.2|373.1
192943974|0.150|6.0|0|23.2|25.0|371.9
192956474|0.150|6.0|0|23.2|22.9|373.9
192968974|0.150|6.0|0|22.7|20.4|374.1
192981474|0.150|6.0|0|22.7|22.1|373.4
192993974|0.150|6.0|0|23.2|26.1|370.9
193006474|0.150|6.0|0|23.3|24.3|373.3
193018974|0.150|6.0|0|22.8|19.8|374.7
193031474|0.150|6.0|0|22.7|22.3|373.6
193043974|0.150|6.0|0|23.3|26.3|370.6
193056474|0.150|6.0|0|23.4|24.1|373.6
193068974|0.150|6.0|0|23.0|20.9|374.1
193081474|0.150|6.0|0|22.9|22.6|373.3
193093974|0.150|6.0|0|23.5|26.4|371.1
193106474|0.150|6.0|0|23.6|24.4|373.1
193118974|0.150|6.0|0|23.2|20.7|374.1
193131474|0.150|6.0|0|23.0|21.9|373.5
193143974|0.150|6.0|0|23.4|25.7|371.3
193156474|0.150|6.0|0|23.4|23.3|373.4
193168974|0.150|6.0|0|23.1|21.4|373.9
193181474|0.150|6.0|0|23.0|22.8|372.8
193193974|0.150|6.0|0|23.4|25.4|371.4
193206474|0.150|6.0|0|23.5|23.9|373.4
193218974|0.150|6.0|0|23.0|20.4|374.4
193231474|0.150|6.0|0|22.9|22.3|373.5
193243974|0.150|6.0|0|23.3|25.5|371.6
193256474|0.150|6.0|0|23.2|22.7|373.9
193268974|0.150|6.0|0|22.7|19.6|374.0
193281474|0.150|6.0|0|22.6|22.6|373.1
193293974|0.150|6.0|0|23.0|25.0|371.8
193306474|0.150|6.0|0|23.1|23.9|373.2
193318974|0.150|6.0|0|22.8|21.2|374.3
193331474|0.150|6.0|0|22.7|21.9|373.3
193343974|0.150|6.0|0|23.2|25.9|371.1
193356474|0.150|6.0|0|23.2|23.1|373.5
193368974|0.150|6.0|0|22.8|20.9|374.1
193381474|0.150|6.0|0|22.7|22.1|373.5
193393974|0.150|6.0|0|23.1|25.4|371.8
193406474|0.150|6.0|0|23.3|24.4|372.9
193418974|0.150|6.0|0|22.9|20.4|374.8
193431474|0.150|6.0|0|22.8|22.3|372.9
193443974|0.150|6.0|0|23.2|25.4|371.3
193456474|0.150|6.0|0|23.3|24.0|373.4
193468974|0.150|6.0|0|23.0|21.2|374.4
193481474|0.150|6.0|0|23.0|22.9|373.0
193493974|0.150|6.0|0|23.5|26.2|371.2
193506474|0.150|6.0|0|23.7|24.8|372.8
193518974|0.150|6.0|0|23.2|20.4|374.6
193531474|0.150|6.0|0|23.1|22.9|372.8
193543974|0.150|6.0|0|23.5|25.9|371.1
193556474|0.150|6.0|0|23.6|23.9|373.3
193568974|0.150|6.0|0|23.2|21.2|373.6
193581474|0.150|6.0|0|23.1|22.5|373.3
193593974|0.150|6.0|0|23.6|26.4|370.8
193606474|0.150|6.0|0|23.6|23.7|373.4
193618974|0.150|6.0|0|23.2|20.6|373.8
193631474|0.150|6.0|0|22.9|21.6|373.3
193643974|0.150|6.0|0|23.3|25.3|371.6
193656474|0.150|6.0|0|23.3|23.6|372.6
193668974|0.150|6.0|0|23.1|21.9|373.3
193681474|0.150|6.0|0|22.9|21.8|373.3
193693974|0.150|6.0|0|23.3|25.5|371.7
193706474|0.150|6.0|0|23.5|24.3|372.8
193718974|0.150|6.0|0|23.0|20.4|374.1
193731474|0.150|6.0|0|22.9|22.6|372.8
193743974|0.150|6.0|0|23.3|25.3|371.8
193756474|0.150|6.0|0|23.2|22.8|373.3
193768974|0.150|6.0|0|22.9|20.9|373.9
193781474|0.150|6.0|0|22.9|22.9|372.7
193793974|0.150|6.0|0|23.3|25.4|371.4
193806474|0.150|6.0|0|23.4|24.4|373.0
193818974|0.150|6.0|0|23.1|20.9|374.0
193831474|0.150|6.0|0|22.9|22.0|373.7
193843974|0.150|6.0|0|23.2|24.9|371.8
193856474|0.150|6.0|0|23.3|23.9|373.4
193868974|0.150|6.0|0|22.9|20.7|374.3
193881474|0.150|6.0|0|22.9|22.6|373.2
193893974|0.150|6.0|0|23.3|25.8|371.5
193906474|0.150|6.0|0|23.4|23.9|372.9
193918974|0.150|6.0|0|23.0|20.9|374.2
193931474|0.150|6.0|0|22.9|22.4|373.2
193943974|0.150|6.0|0|23.3|25.3|371.4
193956474|0.150|6.0|0|23.4|23.9|373.1
193968974|0.150|6.0|0|23.0|20.6|374.0
193981474|0.150|6.0|0|22.9|22.4|373.2
193993974|0.150|6.0|0|23.2|25.3|371.4
194006474|0.150|6.0|0|23.5|25.0|372.9
194018974|0.150|6.0|0|23.1|21.0|374.2
194031474|0.150|6.0|0|22.8|21.1|373.4
194043974|0.150|6.0|0|23.3|26.0|370.8
194056474|0.150|6.0|0|23.3|23.3|373.1
194068974|0.150|6.0|0|23.0|21.2|373.7
194081474|0.150|6.0|0|22.8|21.9|373.3
194093974|0.150|6.0|0|23.1|24.7|371.6
194106474|0.150|6.0|0|23.2|23.8|373.1
194118974|0.150|6.0|0|22.8|20.4|374.3
194131474|0.150|6.0|0|22.6|21.6|373.7
194143974|0.150|6.0|0|23.2|26.6|370.8
194156474|0.150|6.0|0|23.2|23.4|373.2
194168974|0.150|6.0|0|22.8|20.6|374.3
194181474|0.150|6.0|0|22.6|21.6|373.9
194193974|0.150|6.0|0|23.2|26.4|370.3
194206474|0.150|6.0|0|23.4|24.7|372.7
194218974|0.150|6.0|0|23.1|21.1|374.0
194231474|0.150|6.0|0|22.9|21.6|373.4
194243974|0.150|6.0|0|23.3|25.8|371.3
194256474|0.150|6.0|0|23.3|23.1|373.4
194268974|0.150|6.0|0|23.0|21.2|373.8
194281474|0.150|6.0|0|22.9|22.8|372.9
194293974|0.150|6.0|0|23.3|25.4|371.6
194306474|0.150|6.0|0|23.5|24.7|373.1
194318974|0.150|6.0|0|23.1|20.8|374.4
194331474|0.150|6.0|0|22.8|21.4|373.9
194343974|0.150|6.0|0|23.2|25.1|372.1
194356474|0.150|6.0|0|23.2|23.6|372.9
194368974|0.150|6.0|0|23.0|21.6|373.6
194381474|0.150|6.0|0|22.8|21.7|373.2
194393974|0.150|6.0|0|23.2|25.7|371.1
194406474|0.150|6.0|0|23.3|23.9|372.7
194418974|0.150|6.0|0|23.1|21.4|374.3
194431474|0.150|6.0|0|22.8|21.5|373.2
194443974|0.150|6.0|0|23.2|25.2|371.4
194456474|0.150|6.0|0|23.3|23.8|373.0
194468974|0.150|6.0|0|23.0|21.2|373.9
194481474|0.150|6.0|0|22.7|20.9|373.8
194493974|0.150|6.0|0|23.1|25.8|371.4
194506474|0.150|6.0|0|23.3|24.6|372.8
194518974|0.150|6.0|0|23.0|21.3|373.9
194531474|0.150|6.0|0|22.9|21.9|373.6
194543974|0.150|6.0|0|23.2|25.4|371.0
194556474|0.150|6.0|0|23.2|23.1|373.6
194568974|0.150|6.0|0|22.9|21.2|373.8
194581474|0.150|6.0|0|22.8|22.3|373.5
194593974|0.150|6.0|0|23.4|26.3|370.8
194606474|0.150|6.0|0|23.6|25.1|372.8
194618974|0.150|6.0|0|23.1|20.4|373.8
194631474|0.150|6.0|0|23.0|22.5|373.0
194643974|0.150|6.0|0|23.3|24.9|371.7
194656474|0.150|6.0|0|23.3|23.3|373.6
194668974|0.150|6.0|0|23.0|21.0|374.0
194681474|0.150|6.0|0|22.8|21.5|373.4
194693974|0.150|6.0|0|23.2|25.5|371.1
194706474|0.150|6.0|0|23.3|23.9|372.8
194718974|0.150|6.0|0|22.9|20.9|374.1
194731474|0.150|6.0|0|22.8|21.9|373.3
194743974|0.150|6.0|0|23.2|25.4|371.3
194756474|0.150|6.0|0|23.2|23.6|372.9
194768974|0.150|6.0|0|22.9|21.1|374.1
194781474|0.150|6.0|0|22.8|21.8|373.3
194793974|0.150|6.0|0|23.2|25.9|370.8
194806474|0.150|6.0|0|23.4|24.5|373.1
194818974|0.150|6.0|0|23.1|21.0|374.3
194831474|0.150|6.0|0|22.8|21.3|373.9
194843974|0.150|6.0|0|23.2|25.4|371.1
194856474|0.150|6.0|0|23.3|23.8|373.5
194868974|0.150|6.0|0|23.0|21.8|373.8
194881474|0.150|6.0|0|22.8|21.4|373.7
194893974|0.150|6.0|0|23.3|25.9|371.1
194906474|0.150|6.0|0|23.5|24.9|373.3
194918974|0.150|6.0|0|23.2|21.4|374.3
194931474|0.150|6.0|0|23.2|23.1|373.6
194943974|0.150|6.0|0|23.4|24.9|371.6
194956474|0.150|6.0|0|23.3|22.8|373.9
194968974|0.150|6.0|0|23.0|21.3|374.6
194981474|0.150|6.0|0|22.7|21.0|374.8
194993974|0.150|6.0|0|23.1|25.4|372.3
195006474|0.150|6.0|0|23.4|24.7|373.7
195018974|0.150|6.0|0|23.0|21.2|375.1
195031474|0.150|6.0|0|22.8|21.3|374.5
195043974|0.150|6.0|0|23.2|25.7|372.7
195056474|0.150|6.0|0|23.4|24.5|374.3
195068974|0.150|6.0|0|23.1|21.3|375.2
195081474|0.150|6.0|0|22.9|22.2|374.6
195093974|0.150|6.0|0|23.5|26.4|372.4
195106474|0.150|6.0|0|23.5|24.0|374.6
195118974|0.150|6.0|0|23.4|22.3|375.1
195131474|0.150|6.0|0|23.3|22.9|374.9
195143974|0.150|6.0|0|23.7|26.3|373.2
195156474|0.150|6.0|0|24.0|25.8|374.3
195168974|0.150|6.0|0|23.9|23.3|375.7
195181474|0.150|6.0|0|23.9|23.9|375.8
195193974|0.150|6.0|0|24.8|29.7|374.1
195206474|0.150|6.0|1|25.6|29.9|375.5
195218974|0.150|6.0|0|25.8|26.9|376.9
195231474|0.150|6.0|0|26.0|27.6|376.5
195243974|0.150|6.0|0|26.8|30.9|374.9
195256474|0.150|6.0|0|27.2|29.8|376.3
195268974|0.150|6.0|0|27.2|26.9|377.2
195281474|0.150|6.0|0|27.1|26.5|376.4
195293974|0.150|6.0|0|27.5|29.9|374.5
195306474|0.150|6.0|0|27.6|28.4|375.3
195318974|0.150|6.0|0|27.1|23.8|375.5
195331474|0.150|6.0|0|26.4|23.0|374.3
195343974|0.150|6.0|0|26.3|25.8|372.0
195356474|0.150|6.0|0|26.0|24.1|372.7
195368974|0.150|6.0|0|25.4|21.8|373.4
195381474|0.150|6.0|0|24.9|22.2|373.1
195393974|0.150|6.0|0|25.0|25.3|371.0
195406474|0.150|6.0|0|24.8|23.9|372.9
195418974|0.150|6.0|0|24.3|21.7|373.8
195431474|0.150|6.0|0|24.0|21.8|373.0
195443974|0.150|6.0|0|24.3|26.1|370.9
195456474|0.150|6.0|0|24.2|23.5|373.3
195468974|0.150|6.0|0|23.7|21.2|374.4
195481474|0.150|6.0|0|23.4|21.8|373.9
195493974|0.150|6.0|0|23.8|25.8|371.3
195506474|0.150|6.0|0|24.1|25.7|372.6
195518974|0.150|6.0|0|23.7|21.6|374.4
195531474|0.150|6.0|0|23.5|22.6|373.7
195543974|0.150|6.0|0|23.9|26.1|371.8
195556474|0.150|6.0|0|24.0|24.4|373.2
195568974|0.150|6.0|0|23.7|22.1|374.3
195581474|0.150|6.0|1|23.3|21.3|373.7
195593974|0.150|6.0|0|23.8|26.3|371.1
195606474|0.150|6.0|0|24.0|24.9|372.9
195618974|0.150|6.0|0|23.7|22.3|374.0
195631474|0.150|6.0|0|23.4|21.8|373.8
195643974|0.150|6.0|0|23.7|25.4|371.8
195656474|0.150|6.0|0|23.7|23.8|373.1
195668974|0.150|6.0|0|23.4|21.6|374.1
195681474|0.150|6.0|0|23.1|21.6|374.1
195693974|0.150|6.0|0|23.5|25.8|371.4
195706474|0.150|6.0|0|23.9|26.1|372.9
195718974|0.150|6.0|0|23.7|22.4|373.8
195731474|0.150|6.0|0|23.5|22.3|373.8
195743974|0.150|6.0|0|23.9|26.6|371.3
195756474|0.150|6.0|0|23.9|23.8|373.1
195768974|0.150|6.0|0|23.5|21.1|374.4
195781474|0.150|6.0|0|23.3|22.1|373.6
195793974|0.150|6.0|0|23.6|25.2|371.6
195806474|0.150|6.0|0|23.7|24.4|372.9
195818974|0.150|6.0|0|23.3|21.3|374.6
195831474|0.150|6.0|0|23.1|21.7|373.9
195843974|0.150|6.0|0|23.4|25.2|371.7
195856474|0.150|6.0|0|23.5|24.1|373.1
195868974|0.150|6.0|0|23.2|21.5|374.1
195881474|0.150|6.0|0|22.9|21.1|373.9
195893974|0.150|6.0|0|23.3|26.0|371.3
195906474|0.150|6.0|0|23.5|24.4|372.8
195918974|0.150|6.0|0|23.3|22.3|373.9
195931474|0.150|6.0|0|23.0|20.9|374.1
195943974|0.150|6.0|0|23.5|26.4|370.6
195956474|0.150|6.0|0|23.5|23.7|373.2
195968974|0.150|6.0|0|23.2|21.5|374.1
195981474|0.150|6.0|0|22.8|20.6|374.1
195993974|0.150|6.0|0|23.2|25.1|371.8
196006474|0.150|6.0|0|23.4|24.6|372.8
196018974|0.150|6.0|0|23.1|21.6|374.2
196031474|0.150|6.0|0|22.9|21.5|373.9
196043974|0.150|6.0|0|23.2|25.4|371.2
196056474|0.150|6.0|0|23.4|24.6|372.8
196068974|0.150|6.0|0|23.2|21.8|373.9
196081474|0.150|6.0|0|22.8|20.5|374.1
196093974|0.150|6.0|0|23.1|24.9|371.6
196106474|0.150|6.0|0|23.4|25.0|372.6
196118974|0.150|6.0|0|23.2|22.1|374.1
196131474|0.150|6.0|0|22.9|20.9|373.8
196143974|0.150|6.0|0|23.4|26.3|371.2
196156474|0.150|6.0|0|23.4|23.7|373.2
196168974|0.150|6.0|0|23.1|21.3|374.1
196181474|0.150|6.0|0|22.9|21.6|373.8
196193974|0.150|6.0|0|23.3|25.6|371.4
196206474|0.150|6.0|0|23.5|24.7|372.7
196218974|0.150|6.0|0|23.3|22.1|373.7
196231474|0.150|6.0|0|22.9|20.6|374.4
196243974|0.150|6.0|0|23.3|25.4|371.6
196256474|0.150|6.0|0|23.5|24.8|372.2
196268974|0.150|6.0|0|23.3|22.3|373.9
196281474|0.150|6.0|0|23.0|21.4|373.7
196293974|0.150|6.0|0|23.5|25.9|371.3
196306474|0.150|6.0|0|23.7|24.8|372.8
196318974|0.150|6.0|0|23.4|21.9|374.0
196331474|0.150|6.0|0|23.2|21.9|373.6
196343974|0.150|6.0|0|23.5|25.6|371.4
196356474|0.150|6.0|0|23.6|24.0|372.9
196368974|0.150|6.0|0|23.4|22.6|373.7
196381474|0.150|6.0|0|23.1|21.1|374.1
196393974|0.150|6.0|0|23.5|25.9|371.2
196406474|0.150|6.0|0|23.8|25.7|372.3
196418974|0.150|6.0|0|23.5|21.7|374.2
196431474|0.150|6.0|0|23.3|22.1|373.4
196443974|0.150|6.0|0|23.7|25.8|370.9
196456474|0.150|6.0|0|23.7|23.9|372.9
196468974|0.150|6.0|0|23.4|21.4|374.4
196481474|0.150|6.0|0|23.1|21.4|374.1
196493974|0.150|6.0|0|23.4|25.1|372.1
196506474|0.150|6.0|0|23.5|24.3|373.3
196518974|0.150|6.0|0|23.2|21.8|374.2
196531474|0.150|6.0|0|23.0|21.9|373.7
196543974|0.150|6.0|0|23.4|25.6|371.1
196556474|0.150|6.0|0|23.5|24.2|373.3
196568974|0.150|6.0|0|23.3|22.0|374.4
196581474|0.150|6.0|0|22.9|20.9|374.2
196593974|0.150|6.0|0|23.3|25.3|371.2
196606474|0.150|6.0|0|23.5|24.7|372.6
196618974|0.150|6.0|0|23.3|22.3|374.1
196631474|0.150|6.0|0|23.1|22.1|373.4
196643974|0.150|6.0|0|23.5|25.4|371.3
196656474|0.150|6.0|0|23.7|24.8|373.1
196668974|0.150|6.0|0|23.5|22.3|373.9
196681474|0.150|6.0|0|23.0|20.7|374.3
196693974|0.150|6.0|0|23.5|25.8|371.4
196706474|0.150|6.0|0|23.6|24.4|372.9
196718974|0.150|6.0|0|23.3|21.8|374.5
196731474|0.150|6.0|0|23.1|22.1|373.8
196743974|0.150|6.0|0|23.6|25.9|371.8
196756474|0.150|6.0|0|23.7|24.5|373.2
196768974|0.150|6.0|0|23.4|21.6|374.9
196781474|0.150|6.0|0|23.0|21.1|374.4
196793974|0.150|6.0|0|23.3|24.8|372.4
196806474|0.150|6.0|0|23.5|24.9|373.3
196818974|0.150|6.0|0|23.4|22.9|374.7
196831474|0.150|6.0|0|23.2|21.9|374.2
196843974|0.150|6.0|0|23.6|25.9|371.8
196856474|0.150|6.0|0|23.8|24.5|373.4
196868974|0.150|6.0|0|23.6|22.4|374.8
196881474|0.150|6.0|0|23.2|21.3|374.7
196893974|0.150|6.0|0|23.6|25.7|372.5
196906474|0.150|6.0|0|23.8|25.0|373.4
196918974|0.150|6.0|0|23.6|22.4|374.7
196931474|0.150|6.0|0|23.3|21.9|374.6
196943974|0.150|6.0|0|23.6|25.4|372.4
196956474|0.150|6.0|0|23.8|24.6|373.9
196968974|0.150|6.0|0|23.5|22.1|374.8
196981474|0.150|6.0|0|23.2|21.3|374.8
196993974|0.150|6.0|0|23.5|24.9|372.8
197006474|0.150|6.0|0|23.6|24.6|374.1
197018974|0.150|6.0|0|23.4|21.8|375.1
197031474|0.150|6.0|0|23.2|22.0|374.4
197043974|0.150|6.0|0|23.4|24.8|373.0
197056474|0.150|6.0|0|23.5|24.4|373.6
197068974|0.150|6.0|0|23.2|21.3|374.9
197081474|0.150|6.0|0|22.7|20.1|375.5
197093974|0.150|6.0|0|23.1|25.1|373.1
197106474|0.150|6.0|0|23.4|25.1|373.8
197118974|0.150|6.0|0|23.2|22.3|375.2
197131474|0.150|6.0|0|23.0|22.0|374.3
197143974|0.150|6.0|0|23.4|25.2|372.4
197156474|0.150|6.0|0|23.6|24.9|373.9
197168974|0.150|6.0|0|23.5|23.1|374.4
197181474|0.150|6.0|0|23.2|21.2|375.1
197193974|0.150|6.0|0|23.4|24.6|372.8
197206474|0.150|6.0|0|23.6|25.0|373.6
197218974|0.150|6.0|0|23.4|22.1|375.1
197231474|0.150|6.0|0|23.1|21.5|374.8
