13770372|0.050|6.0|0|20.4|23.4|392.9
13782872|0.050|6.0|0|20.4|20.7|394.4
13795372|0.050|6.0|0|20.3|17.9|394.9
13807872|0.050|6.0|0|20.3|20.4|393.4
13820372|0.050|6.0|0|20.4|23.1|392.6
13832872|0.050|6.0|0|20.4|20.3|393.9
13845372|0.050|6.0|0|20.2|16.9|395.3
13857872|0.050|6.0|0|20.2|19.8|394.0
13870372|0.050|6.0|0|20.4|23.1|392.4
13882872|0.050|6.0|0|20.4|20.7|394.2
13895372|0.050|6.0|0|20.3|17.9|394.8
13907872|0.050|6.0|0|20.3|21.1|392.8
13920372|0.050|6.0|0|20.4|22.6|392.1
13932872|0.050|6.0|0|20.4|20.9|394.4
13945372|0.050|6.0|0|20.3|17.3|394.9
13957872|0.050|6.0|0|20.3|20.6|392.8
13970372|0.050|6.0|0|20.4|22.6|392.8
13982872|0.050|6.0|0|20.4|20.3|394.1
13995372|0.050|6.0|0|20.3|17.9|394.3
14007872|0.050|6.0|0|20.3|20.3|393.4
14020372|0.050|6.0|0|20.4|22.8|391.9
14032872|0.050|6.0|0|20.4|20.6|394.2
14045372|0.050|6.0|0|20.3|18.1|394.8
14057872|0.050|6.0|0|20.3|20.1|393.4
14070372|0.050|6.0|0|20.4|21.8|392.6
14082872|0.050|6.0|0|20.4|21.4|394.3
14095372|0.050|6.0|0|20.3|18.0|394.6
14107872|0.050|6.0|0|20.3|20.6|392.9
14120372|0.050|6.0|0|20.4|22.2|392.6
14132872|0.050|6.0|0|20.4|20.4|394.2
14145372|0.050|6.0|0|20.3|17.6|395.1
14157872|0.050|6.0|0|20.3|20.3|393.1
14170372|0.050|6.0|0|20.4|23.4|392.5
14182872|0.050|6.0|0|20.4|20.8|394.1
14195372|0.050|6.0|0|20.3|18.1|394.6
14207872|0.050|6.0|0|20.3|20.7|393.1
14220372|0.050|6.0|0|20.5|22.5|392.5
14232872|0.050|6.0|0|20.5|20.9|394.1
14245372|0.050|6.0|0|20.3|17.8|394.8
14257872|0.050|6.0|0|20.4|20.6|393.2
14270372|0.050|6.0|0|20.5|23.4|392.9
14282872|0.050|6.0|0|20.6|21.8|394.0
14295372|0.050|6.0|0|20.4|17.8|394.7
14307872|0.050|6.0|0|20.4|20.6|393.0
14320372|0.050|6.0|0|20.5|22.3|392.2
14332872|0.050|6.0|0|20.6|21.3|393.9
14345372|0.050|6.0|0|20.4|17.4|394.8
14357872|0.050|6.0|0|20.4|20.8|392.8
14370372|0.050|6.0|0|20.5|22.6|392.3
14382872|0.050|6.0|0|20.5|20.3|393.9
14395372|0.050|6.0|0|20.4|17.9|394.2
14407872|0.050|6.0|0|20.4|20.2|393.0
14420372|0.050|6.0|0|20.6|23.8|392.1
14432872|0.050|6.0|0|20.5|20.3|394.1
14445372|0.050|6.0|0|20.4|17.6|395.0
14457872|0.050|6.0|0|20.4|20.1|393.2
14470372|0.050|6.0|0|20.5|22.5|392.5
14482872|0.050|6.0|0|20.5|21.0|393.6
14495372|0.050|6.0|0|20.4|17.8|394.3
14507872|0.050|6.0|0|20.4|20.2|393.1
14520372|0.050|6.0|0|20.4|21.8|392.8
14532872|0.050|6.0|0|20.5|21.2|393.6
14545372|0.050|6.0|0|20.3|17.3|394.9
14557872|0.050|6.0|0|20.3|20.6|393.0
14570372|0.050|6.0|0|20.4|21.9|392.8
14582872|0.050|6.0|0|20.4|21.1|393.6
14595372|0.050|6.0|0|20.3|17.8|394.8
14607872|0.050|6.0|0|20.3|20.3|392.9
14620372|0.050|6.0|0|20.4|22.3|391.9
14632872|0.050|6.0|0|20.4|21.1|393.9
14645372|0.050|6.0|0|20.3|17.6|394.5
14657872|0.050|6.0|0|20.3|19.9|393.6
14670372|0.050|6.0|0|20.4|23.4|392.3
14682872|0.050|6.0|0|20.4|20.6|394.2
14695372|0.050|6.0|0|20.3|17.6|394.5
14707872|0.050|6.0|0|20.3|20.1|393.2
14720372|0.050|6.0|0|20.4|22.4|392.6
14732872|0.050|6.0|0|20.4|21.4|393.8
14745372|0.050|6.0|0|20.3|17.3|394.9
14757872|0.050|6.0|0|20.3|20.5|393.1
14770372|0.050|6.0|0|20.4|23.0|392.2
14782872|0.050|6.0|0|20.4|20.8|394.1
14795372|0.050|6.0|0|20.3|18.3|394.1
14807872|0.050|6.0|0|20.4|20.8|393.3
14820372|0.050|6.0|0|20.5|22.3|392.1
14832872|0.050|6.0|0|20.5|20.6|394.1
14845372|0.050|6.0|0|20.3|17.4|394.8
14857872|0.050|6.0|0|20.3|19.8|393.5
14870372|0.050|6.0|0|20.4|22.8|392.1
14882872|0.050|6.0|0|20.4|20.2|394.6
14895372|0.050|6.0|0|20.2|17.2|394.4
14907872|0.050|6.0|0|20.2|19.1|394.0
14920372|0.050|6.0|0|20.4|24.1|391.4
14932872|0.050|6.0|0|20.4|20.5|394.3
14945372|0.050|6.0|0|20.2|17.5|394.9
14957872|0.050|6.0|0|20.2|19.8|393.7
14970372|0.050|6.0|0|20.3|22.3|392.3
14982872|0.050|6.0|0|20.4|20.9|393.6
14995372|0.050|6.0|0|20.2|17.7|394.7
15007872|0.050|6.0|0|20.2|20.1|393.6
15020372|0.050|6.0|0|20.3|22.7|392.1
15032872|0.050|6.0|0|20.3|19.9|394.3
15045372|0.050|6.0|0|20.1|16.9|395.2
15057872|0.050|6.0|0|20.1|20.0|393.1
15070372|0.050|6.0|0|20.3|22.6|392.3
15082872|0.050|6.0|0|20.2|19.9|394.4
15095372|0.050|6.0|0|20.1|18.2|394.5
15107872|0.050|6.0|0|20.1|19.9|393.1
15120372|0.050|6.0|0|20.3|22.8|392.1
15132872|0.050|6.0|0|20.3|21.0|393.8
15145372|0.050|6.0|0|20.2|17.4|394.9
15157872|0.050|6.0|0|20.2|20.6|393.2
15170372|0.050|6.0|0|20.3|22.8|392.4
15182872|0.050|6.0|0|20.3|19.6|394.5
15195372|0.050|6.0|0|20.2|18.1|393.8
15207872|0.050|6.0|0|20.2|20.1|393.2
15220372|0.050|6.0|0|20.3|23.1|392.4
15232872|0.050|6.0|0|20.3|20.9|394.4
15245372|0.050|6.0|0|20.2|17.9|394.6
15257872|0.050|6.0|0|20.2|19.6|393.5
15270372|0.050|6.0|0|20.3|23.3|392.4
15282872|0.050|6.0|0|20.4|21.5|394.2
15295372|0.050|6.0|0|20.2|17.4|394.5
15307872|0.050|6.0|0|20.2|20.0|393.6
15320372|0.050|6.0|0|20.4|23.1|392.1
15332872|0.050|6.0|0|20.4|20.2|394.3
15345372|0.050|6.0|0|20.2|17.1|394.9
15357872|0.050|6.0|0|20.2|19.5|393.7
15370372|0.050|6.0|0|20.3|22.8|392.3
15382872|0.050|6.0|0|20.3|20.9|393.7
15395372|0.050|6.0|0|20.2|17.6|394.6
15407872|0.050|6.0|0|20.2|19.8|393.5
15420372|0.050|6.0|0|20.3|22.3|392.4
15432872|0.050|6.0|0|20.3|20.6|394.1
15445372|0.050|6.0|0|20.2|17.5|394.8
15457872|0.050|6.0|0|20.1|18.8|394.1
15470372|0.050|6.0|0|20.2|22.8|391.9
15482872|0.050|6.0|0|20.2|20.1|394.1
15495372|0.050|6.0|0|20.1|18.1|394.2
15507872|0.050|6.0|0|20.1|19.4|393.9
15520372|0.050|6.0|0|20.2|23.3|392.1
15532872|0.050|6.0|0|20.2|20.1|393.9
15545372|0.050|6.0|0|20.1|17.8|394.6
15557872|0.050|6.0|0|20.1|19.7|393.4
15570372|0.050|6.0|0|20.2|21.8|392.3
15582872|0.050|6.0|0|20.2|20.6|394.0
15595372|0.050|6.0|0|20.1|17.8|394.7
15607872|0.050|6.0|0|20.1|20.4|393.4
15620372|0.050|6.0|0|20.2|22.8|392.1
15632872|0.050|6.0|0|20.3|21.2|393.4
15645372|0.050|6.0|0|20.1|17.6|394.6
15657872|0.050|6.0|0|20.1|19.5|393.8
15670372|0.050|6.0|0|20.2|22.8|392.3
15682872|0.050|6.0|0|20.3|21.2|393.7
15695372|0.050|6.0|0|20.2|18.0|394.2
15707872|0.050|6.0|0|20.1|19.3|393.6
15720372|0.050|6.0|0|20.2|22.6|391.9
15732872|0.050|6.0|0|20.2|20.3|394.1
15745372|0.050|6.0|0|20.1|17.1|395.1
15757872|0.050|6.0|0|20.1|20.3|392.3
15770372|0.050|6.0|0|20.2|22.7|392.1
15782872|0.050|6.0|0|20.3|21.2|393.8
15795372|0.050|6.0|0|20.1|17.6|394.6
15807872|0.050|6.0|0|20.1|19.6|393.6
15820372|0.050|6.0|0|20.2|22.6|391.9
15832872|0.050|6.0|0|20.3|21.3|393.6
15845372|0.050|6.0|0|20.2|17.7|394.8
15857872|0.050|6.0|0|20.1|19.6|393.4
15870372|0.050|6.0|0|20.2|22.3|392.4
15882872|0.050|6.0|0|20.3|21.8|393.6
15895372|0.050|6.0|0|20.2|17.6|394.4
15907872|0.050|6.0|0|20.2|20.0|393.2
15920372|0.050|6.0|0|20.3|22.7|391.8
15932872|0.050|6.0|0|20.4|21.6|393.4
15945372|0.050|6.0|0|20.2|17.8|394.9
15957872|0.050|6.0|0|20.2|20.1|393.3
15970372|0.050|6.0|0|20.3|22.3|392.1
15982872|0.050|6.0|0|20.4|21.8|393.4
15995372|0.050|6.0|0|20.3|18.7|393.6
16007872|0.050|6.0|0|20.3|19.8|393.8
16020372|0.050|6.0|0|20.4|22.8|392.1
16032872|0.050|6.0|0|20.5|21.2|393.5
16045372|0.050|6.0|0|20.3|17.5|394.9
16057872|0.050|6.0|0|20.2|18.8|393.8
16070372|0.050|6.0|0|20.4|22.6|392.5
16082872|0.050|6.0|0|20.4|21.2|393.9
16095372|0.050|6.0|0|20.3|17.6|394.6
16107872|0.050|6.0|0|20.2|19.6|393.6
16120372|0.050|6.0|0|20.3|22.5|391.9
16132872|0.050|6.0|0|20.4|22.1|393.6
16145372|0.050|6.0|0|20.3|17.1|395.1
16157872|0.050|6.0|0|20.3|20.4|392.7
16170372|0.050|6.0|0|20.4|22.2|392.1
16182872|0.050|6.0|0|20.4|21.9|392.9
16195372|0.050|6.0|0|20.3|17.8|394.0
16207872|0.050|6.0|0|20.3|19.7|393.4
16220372|0.050|6.0|0|20.4|21.9|391.9
16232872|0.050|6.0|0|20.4|20.9|393.8
16245372|0.050|6.0|0|20.2|17.1|394.7
16257872|0.050|6.0|0|20.2|20.1|392.7
16270372|0.050|6.0|0|20.3|21.8|392.6
16282872|0.050|6.0|0|20.3|20.1|394.6
16295372|0.050|6.0|0|20.2|18.3|394.1
16307872|0.050|6.0|0|20.1|18.9|393.5
16320372|0.050|6.0|0|20.3|22.9|391.8
16332872|0.050|6.0|0|20.3|20.8|393.4
16345372|0.050|6.0|0|20.2|17.7|394.7
16357872|0.050|6.0|0|20.1|19.3|393.6
16370372|0.050|6.0|0|20.2|22.4|392.7
16382872|0.050|6.0|0|20.2|20.5|394.2
16395372|0.050|6.0|0|20.1|17.4|394.5
16407872|0.050|6.0|0|20.1|19.4|393.9
16420372|0.050|6.0|0|20.1|21.8|392.1
16432872|0.050|6.0|0|20.2|21.8|393.5
16445372|0.050|6.0|0|20.1|17.4|395.0
16457872|0.050|6.0|0|20.1|19.8|393.8
16470372|0.050|6.0|0|20.1|21.6|392.6
16482872|0.050|6.0|0|20.2|21.3|393.5
16495372|0.050|6.0|0|20.1|18.1|394.4
16507872|0.050|6.0|0|20.0|18.9|393.9
16520372|0.050|6.0|0|20.2|23.5|391.1
16532872|0.050|6.0|0|20.2|20.1|394.1
16545372|0.050|6.0|0|20.1|17.5|395.4
16557872|0.050|6.0|0|20.0|19.4|393.8
16570372|0.050|6.0|0|20.2|22.3|392.4
16582872|0.050|6.0|0|20.2|20.8|394.0
16595372|0.050|6.0|0|20.0|17.4|394.6
16607872|0.050|6.0|0|20.0|19.4|393.4
16620372|0.050|6.0|0|20.2|22.9|392.1
16632872|0.050|6.0|0|20.2|21.2|394.0
16645372|0.050|6.0|0|20.1|17.6|394.6
16657872|0.050|6.0|0|20.1|19.6|393.5
16670372|0.050|6.0|0|20.2|22.2|392.6
16682872|0.050|6.0|0|20.2|20.7|394.0
16695372|0.050|6.0|0|20.0|17.3|394.6
16707872|0.050|6.0|0|20.0|19.3|393.7
16720372|0.050|6.0|0|20.2|23.1|391.9
16732872|0.050|6.0|0|20.2|21.5|393.3
16745372|0.050|6.0|0|20.1|17.8|394.8
16757872|0.050|6.0|0|20.1|19.6|393.8
16770372|0.050|6.0|0|20.2|22.1|392.3
16782872|0.050|6.0|0|20.2|20.6|394.1
16795372|0.050|6.0|0|20.1|18.1|393.9
16807872|0.050|6.0|0|20.1|19.8|393.3
16820372|0.050|6.0|0|20.2|22.0|391.9
16832872|0.050|6.0|0|20.2|21.3|393.1
16845372|0.050|6.0|0|20.2|18.7|394.9
16857872|0.050|6.0|0|20.1|18.6|394.2
16870372|0.050|6.0|0|20.2|22.8|392.4
16882872|0.050|6.0|0|20.3|21.9|393.8
16895372|0.050|6.0|0|20.2|17.6|394.4
16907872|0.050|6.0|0|20.1|18.9|393.7
16920372|0.050|6.0|0|20.2|21.5|392.4
16932872|0.050|6.0|0|20.2|21.4|393.8
16945372|0.050|6.0|0|20.1|17.8|395.1
16957872|0.050|6.0|0|20.1|19.2|394.0
16970372|0.050|6.0|0|20.2|22.4|392.2
16982872|0.050|6.0|0|20.2|20.6|393.8
16995372|0.050|6.0|0|20.1|18.4|394.3
17007872|0.050|6.0|0|20.0|18.4|394.2
17020372|0.050|6.0|0|20.2|23.1|391.5
17032872|0.050|6.0|0|20.3|22.5|393.2
17045372|0.050|6.0|0|20.1|17.4|394.8
17057872|0.050|6.0|0|20.1|19.6|394.0
17070372|0.050|6.0|0|20.3|23.3|391.7
17082872|0.050|6.0|0|20.3|20.5|393.9
17095372|0.050|6.0|0|20.2|18.1|394.1
17107872|0.050|6.0|0|20.1|19.4|393.3
17120372|0.050|6.0|0|20.2|22.3|392.1
17132872|0.050|6.0|0|20.3|22.3|392.9
17145372|0.050|6.0|0|20.2|17.7|394.6
17157872|0.050|6.0|0|20.1|18.6|393.9
17170372|0.050|6.0|0|20.3|22.5|392.0
17182872|0.050|6.0|0|20.3|21.0|393.7
17195372|0.050|6.0|0|20.2|17.8|394.3
17207872|0.050|6.0|0|20.1|18.8|393.9
17220372|0.050|6.0|0|20.2|22.5|392.4
17232872|0.050|6.0|0|20.3|21.3|393.8
17245372|0.050|6.0|0|20.2|18.4|394.9
17257872|0.050|6.0|0|20.1|18.8|394.0
17270372|0.050|6.0|0|20.2|22.8|392.1
17282872|0.050|6.0|0|20.2|20.1|393.9
17295372|0.050|6.0|0|20.1|18.2|394.3
17307872|0.050|6.0|0|20.0|18.3|393.8
17320372|0.050|6.0|0|20.1|22.3|391.6
17332872|0.050|6.0|0|20.2|20.8|393.3
17345372|0.050|6.0|0|20.1|18.2|394.8
17357872|0.050|6.0|0|20.0|19.4|393.6
17370372|0.050|6.0|0|20.1|21.9|392.2
17382872|0.050|6.0|0|20.2|21.3|393.9
17395372|0.050|6.0|0|20.1|18.1|394.4
17407872|0.050|6.0|0|20.0|18.8|393.8
17420372|0.050|6.0|0|20.1|22.3|391.7
17432872|0.050|6.0|0|20.2|21.8|393.4
17445372|0.050|6.0|0|20.1|17.4|395.1
17457872|0.050|6.0|0|20.0|18.9|393.4
17470372|0.050|6.0|0|20.1|22.5|392.0
17482872|0.050|6.0|0|20.2|20.9|393.3
17495372|0.050|6.0|0|20.1|17.9|395.1
17507872|0.050|6.0|0|20.0|19.0|393.9
17520372|0.050|6.0|0|20.1|22.6|392.2
17532872|0.050|6.0|0|20.2|21.6|393.6
17545372|0.050|6.0|0|20.1|17.4|395.1
17557872|0.050|6.0|0|20.0|19.4|393.2
17570372|0.050|6.0|0|20.2|22.8|392.2
17582872|0.050|6.0|0|20.2|20.6|394.1
17595372|0.050|6.0|0|20.1|17.3|394.9
17607872|0.050|6.0|0|20.0|19.1|394.0
17620372|0.050|6.0|0|20.1|22.6|391.8
17632872|0.050|6.0|0|20.2|21.8|393.5
17645372|0.050|6.0|0|20.1|17.4|394.8
17657872|0.050|6.0|0|20.0|19.0|394.1
17670372|0.050|6.0|0|20.1|22.1|392.5
17682872|0.050|6.0|0|20.2|20.7|393.9
17695372|0.050|6.0|0|20.0|17.8|394.5
17707872|0.050|6.0|0|20.0|18.6|393.7
17720372|0.050|6.0|0|20.1|22.8|392.3
17732872|0.050|6.0|0|20.2|21.6|393.2
17745372|0.050|6.0|0|20.1|18.3|394.9
17757872|0.050|6.0|0|20.1|19.3|393.9
17770372|0.050|6.0|0|20.1|22.0|392.1
17782872|0.050|6.0|0|20.2|21.4|393.6
17795372|0.050|6.0|0|20.1|18.6|394.3
17807872|0.050|6.0|0|20.1|18.8|393.9
17820372|0.050|6.0|0|20.2|23.1|392.0
17832872|0.050|6.0|0|20.3|21.4|393.6
17845372|0.050|6.0|0|20.1|17.5|394.8
17857872|0.050|6.0|0|20.0|18.1|394.4
17870372|0.050|6.0|0|20.1|22.2|392.2
17882872|0.050|6.0|0|20.2|20.7|394.1
17895372|0.050|6.0|0|20.1|17.9|394.4
17907872|0.050|6.0|0|20.0|18.8|393.8
17920372|0.050|6.0|0|20.1|21.9|392.0
17932872|0.050|6.0|0|20.2|21.8|393.7
17945372|0.050|6.0|0|20.1|18.3|394.6
17957872|0.050|6.0|0|20.0|18.4|394.0
17970372|0.050|6.0|0|20.1|21.6|392.0
17982872|0.050|6.0|0|20.1|20.9|393.6
17995372|0.050|6.0|0|20.0|18.3|394.4
18007872|0.050|6.0|0|19.9|18.1|394.9
18020372|0.050|6.0|0|20.1|22.7|392.1
18032872|0.050|6.0|0|20.2|23.0|393.1
18045372|0.050|6.0|0|20.1|18.1|394.3
18057872|0.050|6.0|0|20.0|18.8|394.3
18070372|0.050|6.0|0|20.1|22.1|392.1
18082872|0.050|6.0|0|20.2|20.6|393.8
18095372|0.050|6.0|0|20.1|18.0|394.6
18107872|0.050|6.0|0|20.0|17.9|394.6
18120372|0.050|6.0|0|20.1|22.8|391.6
18132872|0.050|6.0|0|20.2|21.6|394.4
18145372|0.050|6.0|0|20.0|17.3|395.3
18157872|0.050|6.0|0|20.0|19.6|394.1
18170372|0.050|6.0|0|20.1|21.8|392.3
18182872|0.050|6.0|0|20.1|21.2|393.8
18195372|0.050|6.0|0|20.1|18.3|394.8
18207872|0.050|6.0|0|20.0|19.1|394.0
18220372|0.050|6.0|0|20.1|21.9|392.4
18232872|0.050|6.0|0|20.2|22.7|393.3
18245372|0.050|6.0|0|20.1|17.4|395.0
18257872|0.050|6.0|0|20.0|18.5|394.1
18270372|0.050|6.0|0|20.1|21.9|392.3
18282872|0.050|6.0|0|20.1|20.8|393.8
18295372|0.050|6.0|0|20.0|18.1|394.4
18307872|0.050|6.0|0|19.9|17.6|394.4
18320372|0.050|6.0|0|20.0|21.9|392.6
18332872|0.050|6.0|0|20.1|21.3|393.4
18345372|0.050|6.0|0|19.9|17.6|394.5
18357872|0.050|6.0|0|19.9|18.2|394.2
18370372|0.050|6.0|0|20.0|21.7|392.4
18382872|0.050|6.0|0|20.0|20.3|394.5
18395372|0.050|6.0|0|19.9|18.2|394.4
18407872|0.050|6.0|0|19.8|18.9|393.8
18420372|0.050|6.0|0|20.0|22.4|391.7
18432872|0.050|6.0|0|20.1|22.9|393.6
18445372|0.050|6.0|0|20.0|18.4|394.4
18457872|0.050|6.0|0|19.9|18.3|394.1
18470372|0.050|6.0|0|20.1|22.4|392.9
18482872|0.050|6.0|0|20.1|20.9|393.8
18495372|0.050|6.0|0|20.1|20.0|393.2
18507872|0.050|6.0|0|20.0|18.5|394.2
18520372|0.050|6.0|0|20.1|22.4|392.6
18532872|0.050|6.0|0|20.2|21.9|393.8
18545372|0.050|6.0|0|20.1|18.1|394.9
18557872|0.050|6.0|0|20.0|18.0|394.4
18570372|0.050|6.0|0|20.2|23.1|392.0
18582872|0.050|6.0|0|20.3|22.0|393.8
18595372|0.050|6.0|0|20.1|17.9|394.9
18607872|0.050|6.0|0|20.1|18.3|394.6
18620372|0.050|6.0|0|20.2|22.3|391.8
18632872|0.050|6.0|0|20.3|21.9|393.6
18645372|0.050|6.0|0|20.2|19.1|394.4
18657872|0.050|6.0|0|20.1|17.9|394.4
18670372|0.050|6.0|0|20.2|22.5|392.5
18682872|0.050|6.0|0|20.2|20.8|393.6
18695372|0.050|6.0|0|20.1|18.7|394.8
18707872|0.050|6.0|0|20.1|18.2|394.5
18720372|0.050|6.0|0|20.1|22.0|392.3
18732872|0.050|6.0|0|20.2|21.4|393.9
18745372|0.050|6.0|0|20.1|18.1|394.7
18757872|0.050|6.0|0|20.1|19.3|394.0
18770372|0.050|6.0|0|20.2|22.0|392.7
18782872|0.050|6.0|0|20.2|20.6|393.8
18795372|0.050|6.0|0|20.1|18.2|394.6
18807872|0.050|6.0|0|20.0|18.6|393.8
18820372|0.050|6.0|0|20.1|22.4|392.4
18832872|0.050|6.0|0|20.2|21.8|393.1
18845372|0.050|6.0|0|20.1|18.0|395.1
18857872|0.050|6.0|0|20.0|18.3|394.1
18870372|0.050|6.0|0|20.1|22.4|392.0
18882872|0.050|6.0|0|20.2|22.1|393.3
18895372|0.050|6.0|0|20.1|17.9|394.9
18907872|0.050|6.0|0|20.0|17.8|394.4
18920372|0.050|6.0|0|20.1|22.2|392.2
18932872|0.050|6.0|0|20.2|21.6|393.3
18945372|0.050|6.0|0|20.1|18.4|394.8
18957872|0.050|6.0|0|20.0|18.3|394.4
18970372|0.050|6.0|0|20.1|21.8|392.1
18982872|0.050|6.0|0|20.1|21.1|393.7
18995372|0.050|6.0|0|20.1|19.4|394.4
19007872|0.050|6.0|0|20.1|19.3|394.0
19020372|0.050|6.0|0|20.2|22.5|392.2
19032872|0.050|6.0|0|20.2|21.3|393.8
19045372|0.050|6.0|0|20.1|18.1|394.4
19057872|0.050|6.0|0|20.1|18.8|393.7
19070372|0.050|6.0|0|20.1|21.6|392.3
19082872|0.050|6.0|0|20.2|21.6|393.8
19095372|0.050|6.0|0|20.1|18.1|394.5
19107872|0.050|6.0|0|20.0|18.5|394.2
19120372|0.050|6.0|0|20.1|22.4|392.0
19132872|0.050|6.0|0|20.2|21.1|393.6
19145372|0.050|6.0|0|20.1|17.9|394.9
19157872|0.050|6.0|0|20.0|18.5|394.1
19170372|0.050|6.0|0|20.1|22.4|391.6
19182872|0.050|6.0|0|20.1|20.6|393.1
19195372|0.050|6.0|0|20.1|19.2|394.1
19207872|0.050|6.0|0|20.0|18.4|393.9
19220372|0.050|6.0|0|20.1|22.6|391.6
19232872|0.050|6.0|0|20.2|21.3|392.8
19245372|0.050|6.0|0|20.1|18.4|394.4
19257872|0.050|6.0|0|20.0|19.0|393.1
19270372|0.050|6.0|0|20.1|21.8|392.0
19282872|0.050|6.0|0|20.2|20.5|393.7
19295372|0.050|6.0|0|20.1|18.5|394.1
19307872|0.050|6.0|0|20.0|17.8|394.1
19320372|0.050|6.0|0|20.1|22.1|392.1
19332872|0.050|6.0|0|20.1|21.4|393.4
19345372|0.050|6.0|0|20.0|18.4|394.6
19357872|0.050|6.0|0|19.9|17.9|394.5
19370372|0.050|6.0|0|20.0|21.3|392.5
19382872|0.050|6.0|0|20.1|21.4|393.1
19395372|0.050|6.0|0|20.0|18.4|394.2
19407872|0.050|6.0|0|19.9|18.1|394.4
19420372|0.050|6.0|0|20.0|22.0|392.1
19432872|0.050|6.0|0|20.1|22.0|393.2
19445372|0.050|6.0|0|20.0|18.4|394.6
19457872|0.050|6.0|0|19.9|18.4|394.3
19470372|0.050|6.0|0|20.0|21.6|392.3
19482872|0.050|6.0|0|20.1|20.8|393.6
19495372|0.050|6.0|0|20.0|18.4|394.4
19507872|0.050|6.0|0|19.9|18.2|393.6
19520372|0.050|6.0|0|20.0|21.9|392.4
19532872|0.050|6.0|0|20.1|21.6|393.3
19545372|0.050|6.0|0|20.0|18.8|394.4
19557872|0.050|6.0|0|19.9|17.4|394.4
19570372|0.050|6.0|0|20.0|21.6|392.1
19582872|0.050|6.0|0|20.0|21.6|392.9
19595372|0.050|6.0|0|19.9|18.1|394.4
19607872|0.050|6.0|0|19.8|17.8|394.2
19620372|0.050|6.0|0|19.9|21.8|392.1
19632872|0.050|6.0|0|20.0|21.3|393.2
19645372|0.050|6.0|0|19.9|18.8|394.3
19657872|0.050|6.0|0|19.9|18.0|394.0
19670372|0.050|6.0|0|19.9|21.6|392.1
19682872|0.050|6.0|0|20.0|21.4|392.8
19695372|0.050|6.0|0|19.9|18.4|394.8
19707872|0.050|6.0|0|19.8|17.0|395.1
19720372|0.050|6.0|0|19.9|22.6|391.9
19732872|0.050|6.0|0|20.0|22.1|393.1
19745372|0.050|6.0|0|20.0|18.9|394.2
19757872|0.050|6.0|0|19.9|19.4|392.9
19770372|0.050|6.0|0|20.1|22.9|391.2
19782872|0.050|6.0|0|20.1|20.6|393.4
19795372|0.050|6.0|0|20.0|18.4|394.1
19807872|0.050|6.0|0|19.9|17.2|394.8
19820372|0.050|6.0|0|20.0|22.8|391.6
19832872|0.050|6.0|0|20.1|21.9|393.1
19845372|0.050|6.0|0|20.0|18.5|394.5
19857872|0.050|6.0|0|19.9|17.6|393.9
19870372|0.050|6.0|0|20.1|22.6|391.6
19882872|0.050|6.0|0|20.2|22.1|393.2
19895372|0.050|6.0|0|20.0|17.9|394.2
19907872|0.050|6.0|0|20.0|18.4|393.9
19920372|0.050|6.0|0|20.1|21.9|391.9
19932872|0.050|6.0|0|20.1|21.3|392.9
19945372|0.050|6.0|0|20.0|17.8|394.7
19957872|0.050|6.0|0|20.0|19.1|394.1
19970372|0.050|6.0|0|20.1|22.2|391.4
19982872|0.050|6.0|0|20.2|22.4|392.6
19995372|0.050|6.0|0|20.1|17.8|393.8
20007872|0.050|6.0|0|19.9|17.8|394.0
20020372|0.050|6.0|0|20.1|23.1|391.4
20032872|0.050|6.0|0|20.2|22.6|392.7
20045372|0.050|6.0|0|20.1|18.4|394.3
20057872|0.050|6.0|0|20.0|18.2|393.3
20070372|0.050|6.0|0|20.1|21.6|391.7
20082872|0.050|6.0|0|20.1|20.3|393.6
20095372|0.050|6.0|0|20.1|18.8|394.1
20107872|0.050|6.0|0|19.9|17.8|393.7
20120372|0.050|6.0|0|20.1|22.6|391.2
20132872|0.050|6.0|0|20.2|22.0|392.9
20145372|0.050|6.0|0|20.1|18.6|394.2
20157872|0.050|6.0|0|20.0|18.4|393.6
20170372|0.050|6.0|0|20.2|23.1|391.3
20182872|0.050|6.0|0|20.2|21.8|392.8
20195372|0.050|6.0|0|20.1|17.5|394.3
20207872|0.050|6.0|0|20.0|18.0|393.8
20220372|0.050|6.0|0|20.1|21.4|391.8
20232872|0.050|6.0|0|20.2|21.8|392.8
20245372|0.050|6.0|0|20.0|17.8|394.9
20257872|0.050|6.0|0|20.0|18.3|393.5
20270372|0.050|6.0|0|20.1|22.9|391.0
20282872|0.050|6.0|0|20.2|22.4|392.5
20295372|0.050|6.0|0|20.1|18.2|394.1
20307872|0.050|6.0|0|20.0|17.9|393.8
20320372|0.050|6.0|0|20.1|22.2|391.9
20332872|0.050|6.0|0|20.2|22.1|393.0
20345372|0.050|6.0|0|20.1|18.6|394.1
20357872|0.050|6.0|0|20.0|18.1|393.9
20370372|0.050|6.0|0|20.1|21.6|391.7
20382872|0.050|6.0|0|20.1|20.9|392.9
20395372|0.050|6.0|0|20.1|19.1|393.9
20407872|0.050|6.0|0|20.0|17.6|394.1
20420372|0.050|6.0|0|20.0|21.3|392.1
20432872|0.050|6.0|0|20.1|21.6|393.0
20445372|0.050|6.0|0|20.0|18.8|394.1
20457872|0.050|6.0|0|19.9|17.9|393.8
20470372|0.050|6.0|0|20.1|22.2|391.3
20482872|0.050|6.0|0|20.1|21.0|393.1
20495372|0.050|6.0|0|20.0|18.8|394.0
20507872|0.050|6.0|0|19.9|17.8|393.8
20520372|0.050|6.0|0|20.0|21.8|391.8
20532872|0.050|6.0|0|20.1|22.5|392.9
20545372|0.050|6.0|0|20.1|18.8|394.4
20557872|0.050|6.0|0|20.0|17.7|394.4
20570372|0.050|6.0|0|20.1|22.8|391.9
20582872|0.050|6.0|0|20.2|21.8|392.8
20595372|0.050|6.0|0|20.1|18.8|393.6
20607872|0.050|6.0|0|20.0|17.9|394.1
20620372|0.050|6.0|0|20.1|22.0|391.8
20632872|0.050|6.0|0|20.2|22.8|392.7
20645372|0.050|6.0|0|20.2|19.4|393.9
20657872|0.050|6.0|0|20.1|18.2|393.5
20670372|0.050|6.0|0|20.2|22.3|391.2
20682872|0.050|6.0|0|20.2|20.6|393.2
20695372|0.050|6.0|0|20.2|19.3|393.8
20707872|0.050|6.0|0|20.0|17.7|394.2
20720372|0.050|6.0|0|20.1|21.3|392.0
20732872|0.050|6.0|0|20.2|21.1|392.9
20745372|0.050|6.0|0|20.1|18.9|394.3
20757872|0.050|6.0|0|20.0|18.4|393.9
20770372|0.050|6.0|0|20.2|23.2|391.5
20782872|0.050|6.0|0|20.3|22.5|391.6
20795372|0.050|6.0|0|20.2|18.4|394.1
20807872|0.050|6.0|0|20.1|17.8|394.1
20820372|0.050|6.0|0|20.2|22.4|391.5
20832872|0.050|6.0|0|20.3|22.5|392.7
20845372|0.050|6.0|0|20.2|18.8|394.3
20857872|0.050|6.0|0|20.1|18.3|393.8
20870372|0.050|6.0|0|20.3|22.8|391.6
20882872|0.050|6.0|0|20.3|21.6|392.1
20895372|0.050|6.0|0|20.2|18.4|394.3
20907872|0.050|6.0|0|20.1|18.1|393.7
20920372|0.050|6.0|0|20.2|22.1|391.4
20932872|0.050|6.0|0|20.4|23.1|392.3
20945372|0.050|6.0|0|20.3|18.8|394.4
20957872|0.050|6.0|0|20.2|18.1|393.7
20970372|0.050|6.0|0|20.3|22.8|391.4
20982872|0.050|6.0|0|20.4|22.0|392.9
20995372|0.050|6.0|0|20.3|19.3|393.9
21007872|0.050|6.0|0|20.2|17.3|394.1
21020372|0.050|6.0|0|20.3|22.3|391.3
21032872|0.050|6.0|0|20.4|21.8|392.8
21045372|0.050|6.0|0|20.3|18.4|394.4
21057872|0.050|6.0|0|20.1|17.9|393.9
21070372|0.050|6.0|0|20.2|21.6|392.1
21082872|0.050|6.0|0|20.3|22.8|392.4
21095372|0.050|6.0|0|20.3|19.0|393.8
21107872|0.050|6.0|0|20.1|16.4|394.4
21120372|0.050|6.0|0|20.2|21.9|391.8
21132872|0.050|6.0|0|20.3|22.6|392.5
21145372|0.050|6.0|0|20.2|19.3|393.9
21157872|0.050|6.0|0|20.2|18.8|393.8
21170372|0.050|6.0|0|20.3|22.4|391.8
21182872|0.050|6.0|0|20.3|21.6|392.9
21195372|0.050|6.0|0|20.3|18.4|394.4
21207872|0.050|6.0|0|20.1|18.0|393.9
21220372|0.050|6.0|0|20.2|22.2|391.8
21232872|0.050|6.0|0|20.4|22.4|392.6
21245372|0.050|6.0|0|20.3|19.3|394.1
21257872|0.050|6.0|0|20.2|18.6|393.8
21270372|0.050|6.0|0|20.3|21.9|391.4
21282872|0.050|6.0|0|20.3|21.1|393.2
21295372|0.050|6.0|0|20.3|19.4|393.8
21307872|0.050|6.0|0|20.2|18.1|394.3
21320372|0.050|6.0|0|20.3|22.4|391.6
21332872|0.050|6.0|0|20.4|22.6|392.9
21345372|0.050|6.0|0|20.3|18.7|394.2
21357872|0.050|6.0|0|20.2|17.9|394.3
21370372|0.050|6.0|0|20.3|21.8|391.9
21382872|0.050|6.0|0|20.3|21.6|392.8
21395372|0.050|6.0|0|20.3|18.6|394.3
21407872|0.050|6.0|0|20.2|18.4|393.6
21420372|0.050|6.0|0|20.2|21.3|391.6
21432872|0.050|6.0|0|20.3|22.3|392.6
21445372|0.050|6.0|0|20.3|18.9|394.4
21457872|0.050|6.0|0|20.2|18.3|393.8
21470372|0.050|6.0|0|20.2|21.9|391.9
21482872|0.050|6.0|0|20.3|21.1|392.9
21495372|0.050|6.0|0|20.2|19.3|394.0
21507872|0.050|6.0|0|20.1|17.6|394.1
21520372|0.050|6.0|0|20.2|22.3|391.6
21532872|0.050|6.0|0|20.3|21.8|393.1
21545372|0.050|6.0|0|20.2|17.9|394.9
21557872|0.050|6.0|0|20.1|17.9|394.3
21570372|0.050|6.0|0|20.1|21.9|391.9
21582872|0.050|6.0|0|20.2|21.9|392.6
21595372|0.050|6.0|0|20.2|19.3|393.6
21607872|0.050|6.0|0|20.1|17.9|393.8
21620372|0.050|6.0|0|20.2|22.3|391.8
21632872|0.050|6.0|0|20.2|21.3|392.9
21645372|0.050|6.0|0|20.2|18.8|394.4
21657872|0.050|6.0|0|20.0|17.8|394.1
21670372|0.050|6.0|0|20.2|22.4|391.5
21682872|0.050|6.0|0|20.2|20.6|392.9
21695372|0.050|6.0|0|20.1|19.1|394.0
21707872|0.050|6.0|0|20.0|17.4|394.4
21720372|0.050|6.0|0|20.1|21.4|392.1
21732872|0.050|6.0|0|20.2|22.1|392.8
21745372|0.050|6.0|0|20.1|18.6|394.4
21757872|0.050|6.0|0|20.0|17.9|394.4
21770372|0.050|6.0|0|20.1|22.4|391.1
21782872|0.050|6.0|0|20.2|21.3|392.9
21795372|0.050|6.0|0|20.1|18.8|394.2
21807872|0.050|6.0|0|19.9|17.1|394.1
21820372|0.050|6.0|0|20.1|22.4|391.2
21832872|0.050|6.0|0|20.1|21.5|393.1
21845372|0.050|6.0|0|20.1|19.2|393.9
21857872|0.050|6.0|0|20.0|18.7|393.4
21870372|0.050|6.0|0|20.1|21.9|391.8
21882872|0.050|6.0|0|20.2|21.4|392.8
21895372|0.050|6.0|0|20.1|19.6|394.1
21907872|0.050|6.0|0|20.0|18.1|393.8
21920372|0.050|6.0|0|20.1|21.6|392.2
21932872|0.050|6.0|0|20.2|21.9|392.5
21945372|0.050|6.0|0|20.2|18.9|394.1
21957872|0.050|6.0|0|20.0|17.9|394.4
21970372|0.050|6.0|0|20.1|21.8|391.9
21982872|0.050|6.0|0|20.2|22.1|392.6
21995372|0.050|6.0|0|20.2|19.1|394.2
22007872|0.050|6.0|0|20.0|17.5|394.4
22020372|0.050|6.0|0|20.1|21.8|391.8
22032872|0.050|6.0|0|20.3|23.2|392.5
22045372|0.050|6.0|0|20.2|19.2|394.1
22057872|0.050|6.0|0|20.1|18.0|394.2
22070372|0.050|6.0|0|20.2|21.3|392.2
22082872|0.050|6.0|0|20.2|21.3|393.1
22095372|0.050|6.0|0|20.2|19.3|394.3
22107872|0.050|6.0|0|20.0|17.1|394.8
22120372|0.050|6.0|0|20.1|21.9|392.1
22132872|0.050|6.0|0|20.2|22.6|393.1
22145372|0.050|6.0|0|20.2|18.9|394.6
22157872|0.050|6.0|0|20.1|18.1|394.3
22170372|0.050|6.0|0|20.2|22.1|392.2
22182872|0.050|6.0|0|20.3|21.9|393.3
22195372|0.050|6.0|0|20.2|19.3|394.7
22207872|0.050|6.0|0|20.1|18.1|394.7
22220372|0.050|6.0|0|20.2|21.6|392.3
22232872|0.050|6.0|0|20.3|22.7|392.7
22245372|0.050|6.0|0|20.3|19.6|394.1
22257872|0.050|6.0|0|20.1|17.8|394.6
22270372|0.050|6.0|0|20.3|22.3|391.8
22282872|0.050|6.0|0|20.3|20.9|393.5
22295372|0.050|6.0|0|20.2|18.6|395.1
22307872|0.050|6.0|0|20.1|17.8|395.1
22320372|0.050|6.0|0|20.2|22.0|392.6
22332872|0.050|6.0|0|20.3|22.4|393.4
22345372|0.050|6.0|0|20.2|19.5|394.2
22357872|0.050|6.0|0|20.1|17.8|394.9
22370372|0.050|6.0|0|20.2|22.4|392.3
22382872|0.050|6.0|0|20.3|21.1|393.4
22395372|0.050|6.0|0|20.3|20.1|394.5
22407872|0.050|6.0|0|20.1|17.1|394.8
22420372|0.050|6.0|0|20.2|21.9|392.4
22432872|0.050|6.0|0|20.3|22.9|393.4
22445372|0.050|6.0|0|20.3|19.3|394.8
22457872|0.050|6.0|0|20.2|18.1|394.6
22470372|0.050|6.0|0|20.3|21.6|392.4
22482872|0.050|6.0|0|20.3|22.2|393.1
22495372|0.050|6.0|0|20.3|18.6|394.9
22507872|0.050|6.0|0|20.2|18.1|394.4
22520372|0.050|6.0|0|20.2|21.6|392.5
22532872|0.050|6.0|0|20.3|21.8|393.1
22545372|0.050|6.0|0|20.2|19.3|394.8
22557872|0.050|6.0|0|20.1|17.2|394.6
22570372|0.050|6.0|0|20.2|21.9|392.8
22582872|0.050|6.0|0|20.2|20.9|393.5
22595372|0.050|6.0|0|20.2|20.1|394.2
22607872|0.050|6.0|0|20.1|17.4|395.2
22620372|0.050|6.0|0|20.1|21.6|392.8
22632872|0.050|6.0|0|20.2|22.1|393.4
22645372|0.050|6.0|0|20.2|19.4|394.9
22657872|0.050|6.0|0|20.1|18.9|394.4
22670372|0.050|6.0|0|20.2|21.7|392.4
22682872|0.050|6.0|0|20.3|21.1|393.8
22695372|0.050|6.0|0|20.2|19.8|394.2
22707872|0.050|6.0|0|20.1|16.9|395.0
22720372|0.050|6.0|0|20.2|22.1|392.6
22732872|0.050|6.0|0|20.3|22.2|393.1
22745372|0.050|6.0|0|20.2|19.1|394.4
22757872|0.050|6.0|0|20.1|18.2|394.1
22770372|0.050|6.0|0|20.2|22.1|392.7
22782872|0.050|6.0|0|20.3|22.1|392.9
22795372|0.050|6.0|0|20.2|19.1|394.8
22807872|0.050|6.0|0|20.1|17.8|394.6
22820372|0.050|6.0|0|20.2|21.5|393.3
22832872|0.050|6.0|0|20.4|23.4|392.9
22845372|0.050|6.0|0|20.3|19.1|394.6
22857872|0.050|6.0|0|20.2|18.2|394.9
22870372|0.050|6.0|0|20.3|21.7|392.3
22882872|0.050|6.0|0|20.3|21.0|393.4
22895372|0.050|6.0|0|20.3|19.6|394.8
22907872|0.050|6.0|0|20.1|17.7|394.8
22920372|0.050|6.0|0|20.2|21.8|392.9
22932872|0.050|6.0|0|20.3|22.9|393.1
22945372|0.050|6.0|0|20.3|19.3|394.6
22957872|0.050|6.0|0|20.2|18.0|394.8
22970372|0.050|6.0|0|20.3|22.3|392.3
22982872|0.050|6.0|0|20.3|21.3|393.5
22995372|0.050|6.0|0|20.3|19.9|394.3
23007872|0.050|6.0|0|20.2|18.1|394.6
23020372|0.050|6.0|0|20.3|21.6|392.1
23032872|0.050|6.0|0|20.4|23.4|392.8
23045372|0.050|6.0|0|20.4|19.4|394.7
23057872|0.050|6.0|0|20.3|17.9|394.4
23070372|0.050|6.0|0|20.3|21.8|392.8
23082872|0.050|6.0|0|20.4|21.5|393.6
23095372|0.050|6.0|0|20.3|19.3|394.7
23107872|0.050|6.0|0|20.2|17.3|394.7
23120372|0.050|6.0|0|20.3|21.7|392.5
23132872|0.050|6.0|0|20.4|22.7|393.1
23145372|0.050|6.0|0|20.4|19.8|394.1
23157872|0.050|6.0|0|20.2|17.8|394.5
23170372|0.050|6.0|0|20.3|22.4|392.5
23182872|0.050|6.0|0|20.4|20.8|393.4
23195372|0.050|6.0|0|20.3|19.8|394.6
23207872|0.050|6.0|0|20.2|17.3|394.9
23220372|0.050|6.0|0|20.3|21.9|392.4
23232872|0.050|6.0|0|20.4|23.1|392.4
23245372|0.050|6.0|0|20.4|19.5|394.9
23257872|0.050|6.0|0|20.2|17.8|394.9
23270372|0.050|6.0|0|20.3|20.8|392.8
23282872|0.050|6.0|0|20.3|21.9|393.1
23295372|0.050|6.0|0|20.3|19.2|394.3
23307872|0.050|6.0|0|20.2|17.6|394.6
23320372|0.050|6.0|0|20.2|21.8|392.3
23332872|0.050|6.0|0|20.4|22.7|393.0
23345372|0.050|6.0|0|20.3|19.2|394.9
23357872|0.050|6.0|0|20.2|18.6|394.3
23370372|0.050|6.0|0|20.3|22.3|392.0
23382872|0.050|6.0|0|20.4|22.3|393.1
23395372|0.050|6.0|0|20.3|18.9|394.8
23407872|0.050|6.0|0|20.2|17.3|395.0
23420372|0.050|6.0|0|20.2|21.3|392.6
23432872|0.050|6.0|0|20.3|22.0|393.3
23445372|0.050|6.0|0|20.3|18.9|394.4
23457872|0.050|6.0|0|20.1|18.1|394.3
23470372|0.050|6.0|0|20.2|21.8|392.5
23482872|0.050|6.0|0|20.3|21.8|393.4
23495372|0.050|6.0|0|20.2|19.1|394.7
23507872|0.050|6.0|0|20.1|17.1|394.9
23520372|0.050|6.0|0|20.1|20.9|392.7
23532872|0.050|6.0|0|20.3|23.4|392.8
23545372|0.050|6.0|0|20.3|20.1|394.4
23557872|0.050|6.0|0|20.2|17.8|394.6
23570372|0.050|6.0|0|20.3|22.4|391.9
23582872|0.050|6.0|0|20.4|22.4|393.2
23595372|0.050|6.0|0|20.3|19.4|394.5
23607872|0.050|6.0|0|20.2|17.9|394.4
23620372|0.050|6.0|0|20.3|21.9|392.5
23632872|0.050|6.0|0|20.4|21.9|393.1
23645372|0.050|6.0|0|20.3|19.8|394.3
23657872|0.050|6.0|0|20.2|17.8|394.1
23670372|0.050|6.0|0|20.3|22.3|392.5
23682872|0.050|6.0|0|20.4|22.1|392.9
23695372|0.050|6.0|0|20.4|20.1|394.1
23707872|0.050|6.0|0|20.2|17.4|394.8
23720372|0.050|6.0|0|20.3|21.6|392.4
23732872|0.050|6.0|0|20.4|22.4|393.0
23745372|0.050|6.0|0|20.3|18.8|394.8
23757872|0.050|6.0|0|20.2|18.3|394.4
23770372|0.050|6.0|0|20.3|21.9|392.6
23782872|0.050|6.0|0|20.4|21.6|392.9
23795372|0.050|6.0|0|20.3|19.7|394.4
23807872|0.050|6.0|0|20.2|17.3|394.7
23820372|0.050|6.0|0|20.3|21.9|392.3
23832872|0.050|6.0|0|20.4|22.9|392.8
23845372|0.050|6.0|0|20.4|19.8|394.1
23857872|0.050|6.0|0|20.2|17.0|394.6
23870372|0.050|6.0|0|20.2|21.1|392.7
23882872|0.050|6.0|0|20.4|22.7|392.3
23895372|0.050|6.0|0|20.3|19.3|394.4
23907872|0.050|6.0|0|20.2|17.7|394.8
23920372|0.050|6.0|0|20.3|21.7|392.6
23932872|0.050|6.0|0|20.4|23.2|392.6
23945372|0.050|6.0|0|20.3|19.2|394.5
23957872|0.050|6.0|0|20.2|18.2|394.3
23970372|0.050|6.0|0|20.3|22.4|392.3
23982872|0.050|6.0|0|20.4|22.0|392.8
23995372|0.050|6.0|0|20.4|19.8|394.2
24007872|0.050|6.0|0|20.2|17.3|394.7
24020372|0.050|6.0|0|20.3|22.1|392.3
24032872|0.050|6.0|0|20.5|22.9|392.9
24045372|0.050|6.0|0|20.4|19.6|394.4
24057872|0.050|6.0|0|20.3|17.6|394.6
24070372|0.050|6.0|0|20.4|22.4|392.0
24082872|0.050|6.0|0|20.4|20.8|393.2
24095372|0.050|6.0|0|20.4|19.6|394.6
24107872|0.050|6.0|0|20.2|17.1|395.0
24120372|0.050|6.0|0|20.3|21.9|392.3
24132872|0.050|6.0|0|20.4|21.9|392.9
24145372|0.050|6.0|0|20.3|19.4|394.4
24157872|0.050|6.0|0|20.3|19.0|394.4
24170372|0.050|6.0|0|20.3|21.9|392.3
24182872|0.050|6.0|0|20.4|21.2|393.3
24195372|0.050|6.0|0|20.3|19.5|394.4
24207872|0.050|6.0|0|20.2|17.0|394.6
24220372|0.050|6.0|0|20.2|21.3|392.5
24232872|0.050|6.0|0|20.3|22.3|392.7
24245372|0.050|6.0|0|20.3|19.1|394.5
24257872|0.050|6.0|0|20.1|16.9|394.6
24270372|0.050|6.0|0|20.2|21.9|392.2
24282872|0.050|6.0|0|20.3|21.8|392.8
24295372|0.050|6.0|0|20.2|18.9|394.8
24307872|0.050|6.0|0|20.1|18.2|393.7
24320372|0.050|6.0|0|20.2|21.1|392.1
24332872|0.050|6.0|0|20.3|22.2|392.8
24345372|0.050|6.0|0|20.2|19.8|394.6
24357872|0.050|6.0|0|20.1|17.9|394.3
24370372|0.050|6.0|0|20.2|21.4|392.3
24382872|0.050|6.0|0|20.3|21.8|392.6
24395372|0.050|6.0|0|20.2|19.3|394.8
24407872|0.050|6.0|0|20.1|17.3|394.6
24420372|0.050|6.0|0|20.2|22.6|391.3
24432872|0.050|6.0|0|20.3|22.9|392.4
24445372|0.050|6.0|0|20.2|18.5|395.1
24457872|0.050|6.0|0|20.1|17.9|394.4
24470372|0.050|6.0|0|20.3|22.9|391.8
24482872|0.050|6.0|0|20.4|22.1|392.9
24495372|0.050|6.0|0|20.3|19.7|394.3
24507872|0.050|6.0|0|20.2|17.4|394.6
24520372|0.050|6.0|0|20.2|21.5|392.3
24532872|0.050|6.0|0|20.3|22.3|392.8
24545372|0.050|6.0|0|20.3|19.5|394.3
24557872|0.050|6.0|0|20.2|18.9|393.9
24570372|0.050|6.0|0|20.3|21.8|392.3
24582872|0.050|6.0|0|20.4|21.9|393.2
24595372|0.050|6.0|0|20.3|19.0|394.5
24607872|0.050|6.0|0|20.2|17.6|394.6
24620372|0.050|6.0|0|20.2|21.4|392.2
24632872|0.050|6.0|0|20.3|21.9|392.9
24645372|0.050|6.0|0|20.3|19.0|394.3
24657872|0.050|6.0|0|20.1|17.7|394.3
24670372|0.050|6.0|0|20.2|22.3|391.9
24682872|0.050|6.0|0|20.3|21.4|392.6
24695372|0.050|6.0|0|20.3|19.3|394.2
24707872|0.050|6.0|0|20.1|17.4|394.4
24720372|0.050|6.0|0|20.2|21.3|392.4
24732872|0.050|6.0|0|20.3|23.1|392.9
24745372|0.050|6.0|0|20.3|19.6|394.1
24757872|0.050|6.0|0|20.2|18.1|393.9
24770372|0.050|6.0|0|20.2|21.4|392.0
24782872|0.050|6.0|0|20.3|21.8|392.9
24795372|0.050|6.0|0|20.3|19.4|394.1
24807872|0.050|6.0|0|20.1|17.5|394.5
24820372|0.050|6.0|0|20.2|22.0|392.6
24832872|0.050|6.0|0|20.4|23.0|392.8
24845372|0.050|6.0|0|20.3|19.1|394.3
24857872|0.050|6.0|0|20.2|18.0|394.0
24870372|0.050|6.0|0|20.3|23.1|391.4
24882872|0.050|6.0|0|20.4|22.4|392.9
24895372|0.050|6.0|0|20.4|19.8|393.9
24907872|0.050|6.0|0|20.2|17.3|394.3
24920372|0.050|6.0|0|20.3|22.1|391.9
24932872|0.050|6.0|0|20.4|22.2|392.5
24945372|0.050|6.0|0|20.4|19.2|394.6
24957872|0.050|6.0|0|20.3|19.7|392.6
24970372|0.050|6.0|0|20.4|21.6|392.1
24982872|0.050|6.0|0|20.4|21.5|392.4
24995372|0.050|6.0|0|20.4|19.3|394.3
25007872|0.050|6.0|0|20.2|17.6|394.4
25020372|0.050|6.0|0|20.3|21.7|391.8
25032872|0.050|6.0|0|20.4|21.6|392.8
25045372|0.050|6.0|0|20.3|19.5|393.8
25057872|0.050|6.0|0|20.2|17.8|393.6
25070372|0.050|6.0|0|20.3|22.1|391.7
25082872|0.050|6.0|0|20.4|21.9|392.4
25095372|0.050|6.0|0|20.3|19.4|393.9
25107872|0.050|6.0|0|20.2|18.3|394.1
25120372|0.050|6.0|0|20.3|21.4|392.1
25132872|0.050|6.0|0|20.4|22.2|392.8
25145372|0.050|6.0|0|20.3|18.8|394.4
25157872|0.050|6.0|0|20.2|18.3|394.1
25170372|0.050|6.0|0|20.2|20.9|391.8
25182872|0.050|6.0|0|20.3|22.3|392.4
25195372|0.050|6.0|0|20.3|19.3|393.9
25207872|0.050|6.0|0|20.2|17.8|394.1
25220372|0.050|6.0|0|20.2|21.1|392.2
25232872|0.050|6.0|0|20.3|22.3|392.7
25245372|0.050|6.0|0|20.3|19.1|394.0
25257872|0.050|6.0|0|20.1|17.8|394.3
25270372|0.050|6.0|0|20.3|23.2|391.5
25282872|0.050|6.0|0|20.4|22.1|392.3
25295372|0.050|6.0|0|20.4|19.9|393.6
25307872|0.050|6.0|0|20.2|17.5|394.3
25320372|0.050|6.0|0|20.3|21.1|392.2
25332872|0.050|6.0|0|20.4|22.8|392.6
25345372|0.050|6.0|0|20.4|20.5|393.3
25357872|0.050|6.0|0|20.3|18.3|394.1
25370372|0.050|6.0|0|20.3|21.1|391.9
25382872|0.050|6.0|0|20.4|21.5|392.9
25395372|0.050|6.0|0|20.3|19.1|394.3
25407872|0.050|6.0|0|20.2|17.5|394.4
25420372|0.050|6.0|0|20.3|21.9|391.9
25432872|0.050|6.0|0|20.4|22.8|393.0
25445372|0.050|6.0|0|20.3|19.3|393.3
25457872|0.050|6.0|0|20.3|18.7|393.8
25470372|0.050|6.0|0|20.3|22.1|392.3
25482872|0.050|6.0|0|20.5|22.5|392.6
25495372|0.050|6.0|0|20.5|20.6|393.3
25507872|0.050|6.0|0|20.3|17.8|394.3
25520372|0.050|6.0|0|20.4|21.7|391.8
25532872|0.050|6.0|0|20.5|22.1|392.7
25545372|0.050|6.0|0|20.4|19.5|393.8
25557872|0.050|6.0|0|20.3|18.3|393.7
25570372|0.050|6.0|0|20.4|22.7|391.4
25582872|0.050|6.0|0|20.5|22.5|392.3
25595372|0.050|6.0|0|20.5|19.5|393.9
25607872|0.050|6.0|0|20.3|17.1|394.0
25620372|0.050|6.0|0|20.4|22.2|391.4
25632872|0.050|6.0|0|20.6|23.2|392.3
25645372|0.050|6.0|0|20.5|19.4|393.8
25657872|0.050|6.0|0|20.3|17.2|394.3
25670372|0.050|6.0|0|20.4|21.6|391.9
25682872|0.050|6.0|0|20.5|22.1|392.6
25695372|0.050|6.0|0|20.4|18.4|394.4
25707872|0.050|6.0|0|20.2|17.6|394.4
25720372|0.050|6.0|0|20.3|21.1|392.1
25732872|0.050|6.0|0|20.4|22.5|393.1
25745372|0.050|6.0|0|20.4|19.6|394.0
25757872|0.050|6.0|0|20.2|17.6|394.3
25770372|0.050|6.0|0|20.3|21.9|391.9
25782872|0.050|6.0|0|20.3|21.4|392.8
25795372|0.050|6.0|0|20.3|19.8|393.8
25807872|0.050|6.0|0|20.2|17.1|394.8
25820372|0.050|6.0|0|20.2|21.9|392.3
25832872|0.050|6.0|0|20.3|22.0|392.6
25845372|0.050|6.0|0|20.3|19.4|393.9
25857872|0.050|6.0|0|20.2|18.3|393.8
25870372|0.050|6.0|0|20.2|21.2|392.2
25882872|0.050|6.0|0|20.3|21.5|392.9
25895372|0.050|6.0|0|20.2|18.8|394.0
25907872|0.050|6.0|0|20.1|16.9|394.7
25920372|0.050|6.0|0|20.2|22.3|392.0
25932872|0.050|6.0|0|20.3|22.4|392.9
25945372|0.050|6.0|0|20.2|19.6|394.5
25957872|0.050|6.0|0|20.1|18.1|393.8
25970372|0.050|6.0|0|20.2|21.1|392.1
25982872|0.050|6.0|0|20.3|22.1|392.9
25995372|0.050|6.0|0|20.2|19.3|394.1
26007872|0.050|6.0|0|20.1|17.6|394.4
26020372|0.050|6.0|0|20.2|21.8|391.5
26032872|0.050|6.0|0|20.3|23.3|392.3
26045372|0.050|6.0|0|20.3|19.1|393.9
26057872|0.050|6.0|0|20.2|17.9|394.1
26070372|0.050|6.0|0|20.2|21.0|392.5
26082872|0.050|6.0|0|20.3|22.5|392.7
26095372|0.050|6.0|0|20.3|19.2|393.9
26107872|0.050|6.0|0|20.1|17.2|394.8
26120372|0.050|6.0|0|20.2|22.4|391.9
26132872|0.050|6.0|0|20.3|22.8|392.6
26145372|0.050|6.0|0|20.3|19.9|394.3
26157872|0.050|6.0|0|20.2|17.8|394.1
26170372|0.050|6.0|0|20.3|22.1|391.9
26182872|0.050|6.0|0|20.3|21.2|393.1
26195372|0.050|6.0|0|20.3|19.8|394.2
26207872|0.050|6.0|0|20.1|17.1|394.5
26220372|0.050|6.0|0|20.2|21.4|392.3
26232872|0.050|6.0|0|20.3|23.0|392.4
26245372|0.050|6.0|0|20.3|19.5|393.9
26257872|0.050|6.0|0|20.2|18.4|394.0
26270372|0.050|6.0|0|20.3|21.4|392.3
26282872|0.050|6.0|0|20.4|22.1|392.6
26295372|0.050|6.0|0|20.3|19.0|394.5
26307872|0.050|6.0|0|20.1|16.9|394.8
26320372|0.050|6.0|0|20.2|21.9|391.9
26332872|0.050|6.0|0|20.3|21.9|392.8
26345372|0.050|6.0|0|20.2|18.8|394.3
26357872|0.050|6.0|0|20.1|17.3|394.8
26370372|0.050|6.0|0|20.2|21.9|391.9
26382872|0.050|6.0|0|20.2|20.7|393.1
26395372|0.050|6.0|0|20.1|18.9|394.1
26407872|0.050|6.0|0|20.0|17.0|394.0
26420372|0.050|6.0|0|20.0|21.6|391.9
26432872|0.050|6.0|0|20.2|22.2|392.6
26445372|0.050|6.0|0|20.1|19.2|394.4
26457872|0.050|6.0|0|20.0|18.1|393.9
26470372|0.050|6.0|0|20.1|21.2|392.1
26482872|0.050|6.0|0|20.2|22.2|392.6
26495372|0.050|6.0|0|20.1|19.4|394.0
26507872|0.050|6.0|0|20.0|17.5|394.4
26520372|0.050|6.0|0|20.1|21.6|392.1
26532872|0.050|6.0|0|20.2|22.2|393.1
26545372|0.050|6.0|0|20.1|18.9|394.4
26557872|0.050|6.0|0|20.0|17.8|394.6
26570372|0.050|6.0|0|20.1|22.6|392.1
26582872|0.050|6.0|0|20.2|21.8|392.9
26595372|0.050|6.0|0|20.2|19.3|394.4
26607872|0.050|6.0|0|20.1|18.0|394.4
26620372|0.050|6.0|0|20.2|22.0|392.3
26632872|0.050|6.0|0|20.3|22.5|393.1
26645372|0.050|6.0|0|20.2|19.4|393.9
26657872|0.050|6.0|0|20.1|17.7|394.7
26670372|0.050|6.0|0|20.2|22.5|391.9
26682872|0.050|6.0|0|20.3|21.8|392.9
26695372|0.050|6.0|0|20.3|19.6|394.2
26707872|0.050|6.0|0|20.2|17.9|394.3
26720372|0.050|6.0|0|20.2|22.1|392.4
26732872|0.050|6.0|0|20.4|22.8|393.0
26745372|0.050|6.0|0|20.3|18.7|395.0
26757872|0.050|6.0|0|20.2|18.6|394.0
26770372|0.050|6.0|0|20.3|22.2|392.1
26782872|0.050|6.0|0|20.4|21.6|393.5
26795372|0.050|6.0|0|20.3|18.8|394.9
26807872|0.050|6.0|0|20.2|17.8|394.8
26820372|0.050|6.0|0|20.3|22.3|392.2
26832872|0.050|6.0|0|20.4|22.8|392.9
26845372|0.050|6.0|0|20.3|18.5|394.7
26857872|0.050|6.0|0|20.2|18.0|394.6
26870372|0.050|6.0|0|20.3|22.6|392.3
26882872|0.050|6.0|0|20.4|22.1|393.4
26895372|0.050|6.0|0|20.3|19.1|394.8
26907872|0.050|6.0|0|20.2|18.3|394.6
26920372|0.050|6.0|0|20.3|21.9|392.3
26932872|0.050|6.0|0|20.4|22.0|393.8
26945372|0.050|6.0|0|20.3|19.5|394.3
26957872|0.050|6.0|0|20.3|18.8|394.3
26970372|0.050|6.0|0|20.4|22.9|392.8
26982872|0.050|6.0|0|20.5|21.7|393.6
26995372|0.050|6.0|0|20.4|19.1|394.7
27007872|0.050|6.0|0|20.2|17.3|394.7
27020372|0.050|6.0|0|20.4|23.0|392.3
27032872|0.050|6.0|0|20.5|22.7|393.1
27045372|0.050|6.0|0|20.4|19.1|394.7
27057872|0.050|6.0|0|20.3|18.4|394.3
27070372|0.050|6.0|0|20.5|23.0|392.1
27082872|0.050|6.0|0|20.5|20.7|393.9
27095372|0.050|6.0|0|20.4|20.1|394.4
27107872|0.050|6.0|0|20.3|18.2|394.6
27120372|0.050|6.0|0|20.5|22.8|392.6
27132872|0.050|6.0|0|20.6|22.6|393.2
27145372|0.050|6.0|0|20.6|20.6|394.4
27157872|0.050|6.0|0|20.4|17.3|394.6
27170372|0.050|6.0|0|20.5|22.8|392.4
27182872|0.050|6.0|0|20.5|20.6|394.1
27195372|0.050|6.0|0|20.4|19.1|394.7
27207872|0.050|6.0|0|20.3|18.3|394.8
27220372|0.050|6.0|0|20.5|22.6|392.2
27232872|0.050|6.0|0|20.6|22.6|393.3
27245372|0.050|6.0|0|20.5|19.4|393.8
27257872|0.050|6.0|0|20.4|18.0|394.9
27270372|0.050|6.0|0|20.5|23.3|392.2
27282872|0.050|6.0|0|20.6|21.6|393.5
27295372|0.050|6.0|0|20.5|19.4|394.3
27307872|0.050|6.0|0|20.4|18.0|394.5
27320372|0.050|6.0|0|20.5|21.9|392.9
27332872|0.050|6.0|0|20.6|23.2|393.1
27345372|0.050|6.0|0|20.5|19.3|394.4
27357872|0.050|6.0|0|20.4|17.5|395.0
27370372|0.050|6.0|0|20.5|23.3|392.3
27382872|0.050|6.0|0|20.5|20.9|394.0
27395372|0.050|6.0|0|20.5|19.3|394.7
27407872|0.050|6.0|0|20.4|18.3|394.4
27420372|0.050|6.0|0|20.5|22.9|391.9
27432872|0.050|6.0|0|20.6|22.8|393.6
27445372|0.050|6.0|0|20.5|19.0|394.6
27457872|0.050|6.0|0|20.4|17.9|394.6
27470372|0.050|6.0|0|20.5|21.8|392.4
27482872|0.050|6.0|0|20.5|21.7|393.5
27495372|0.050|6.0|0|20.6|20.9|394.4
27507872|0.050|6.0|0|20.4|18.5|394.4
27520372|0.050|6.0|0|20.6|22.8|392.6
27532872|0.050|6.0|0|20.6|22.1|393.5
27545372|0.050|6.0|0|20.6|19.3|394.8
27557872|0.050|6.0|0|20.5|18.8|394.5
27570372|0.050|6.0|0|20.6|23.0|392.3
27582872|0.050|6.0|0|20.6|20.9|394.0
27595372|0.050|6.0|0|20.6|19.2|394.8
27607872|0.050|6.0|0|20.4|17.9|394.8
27620372|0.050|6.0|0|20.5|21.9|392.7
27632872|0.050|6.0|0|20.6|22.1|393.1
27645372|0.050|6.0|0|20.5|19.3|394.5
27657872|0.050|6.0|0|20.4|18.6|394.4
27670372|0.050|6.0|0|20.5|22.5|392.6
27682872|0.050|6.0|0|20.6|21.7|393.9
27695372|0.050|6.0|0|20.5|19.2|394.4
27707872|0.050|6.0|0|20.3|17.3|395.3
27720372|0.050|6.0|0|20.4|21.8|392.8
27732872|0.050|6.0|0|20.5|21.8|393.8
27745372|0.050|6.0|0|20.4|18.9|394.8
27757872|0.050|6.0|0|20.3|18.6|394.8
27770372|0.050|6.0|0|20.5|23.1|391.9
27782872|0.050|6.0|0|20.5|21.3|393.6
27795372|0.050|6.0|0|20.4|19.1|394.8
27807872|0.050|6.0|0|20.3|16.9|395.0
27820372|0.050|6.0|0|20.3|21.6|392.8
27832872|0.050|6.0|0|20.5|23.1|393.0
27845372|0.050|6.0|0|20.4|19.3|394.4
27857872|0.050|6.0|0|20.3|18.0|394.4
27870372|0.050|6.0|0|20.3|21.6|392.5
27882872|0.050|6.0|0|20.4|21.7|393.9
27895372|0.050|6.0|0|20.3|18.9|394.8
27907872|0.050|6.0|0|20.2|17.9|394.6
27920372|0.050|6.0|0|20.4|23.7|391.6
27932872|0.050|6.0|0|20.5|23.3|393.6
27945372|0.050|6.0|0|20.4|18.8|394.8
27957872|0.050|6.0|0|20.3|18.4|394.4
27970372|0.050|6.0|0|20.4|22.2|392.1
27982872|0.050|6.0|0|20.4|20.7|393.8
27995372|0.050|6.0|0|20.4|19.1|394.6
28007872|0.050|6.0|0|20.3|18.3|394.6
28020372|0.050|6.0|0|20.4|22.4|392.7
28032872|0.050|6.0|0|20.5|22.0|393.4
28045372|0.050|6.0|0|20.4|18.6|395.2
28057872|0.050|6.0|0|20.2|18.1|394.6
28070372|0.050|6.0|0|20.4|22.8|392.2
28082872|0.050|6.0|0|20.4|21.1|393.6
28095372|0.050|6.0|0|20.3|18.8|394.7
28107872|0.050|6.0|0|20.2|17.6|394.8
28120372|0.050|6.0|0|20.2|21.4|392.8
28132872|0.050|6.0|0|20.3|22.3|392.8
28145372|0.050|6.0|0|20.3|19.2|394.6
28157872|0.050|6.0|0|20.2|18.3|394.1
28170372|0.050|6.0|0|20.3|22.8|392.0
28182872|0.050|6.0|0|20.4|21.6|393.6
28195372|0.050|6.0|0|20.3|19.4|394.8
28207872|0.050|6.0|0|20.2|17.8|394.6
28220372|0.050|6.0|0|20.3|22.6|392.1
28232872|0.050|6.0|0|20.4|22.1|393.4
28245372|0.050|6.0|0|20.4|19.1|394.6
28257872|0.050|6.0|0|20.3|18.8|394.1
28270372|0.050|6.0|0|20.4|22.0|392.5
28282872|0.050|6.0|0|20.4|21.8|393.6
28295372|0.050|6.0|0|20.3|18.6|395.0
28307872|0.050|6.0|0|20.2|18.1|394.4
28320372|0.050|6.0|0|20.3|22.1|392.7
28332872|0.050|6.0|0|20.4|22.8|393.0
28345372|0.050|6.0|0|20.4|18.8|394.8
28357872|0.050|6.0|0|20.3|18.3|394.7
28370372|0.050|6.0|0|20.4|22.4|392.3
28382872|0.050|6.0|0|20.4|21.5|393.7
28395372|0.050|6.0|0|20.3|18.9|394.6
28407872|0.050|6.0|0|20.3|19.4|393.4
28420372|0.050|6.0|0|20.4|22.3|392.5
28432872|0.050|6.0|0|20.5|22.9|393.3
28445372|0.050|6.0|0|20.5|19.3|394.4
28457872|0.050|6.0|0|20.3|17.8|395.1
28470372|0.050|6.0|0|20.5|23.2|392.1
28482872|0.050|6.0|0|20.5|21.6|393.6
28495372|0.050|6.0|0|20.4|18.1|395.2
28507872|0.050|6.0|0|20.3|17.7|394.8
28520372|0.050|6.0|0|20.4|22.3|392.3
28532872|0.050|6.0|0|20.4|21.7|393.6
28545372|0.050|6.0|0|20.3|18.2|394.9
28557872|0.050|6.0|0|20.2|17.8|394.6
28570372|0.050|6.0|0|20.3|23.2|392.1
28582872|0.050|6.0|0|20.4|21.6|393.5
28595372|0.050|6.0|0|20.3|18.3|395.1
28607872|0.050|6.0|0|20.1|17.3|394.5
28620372|0.050|6.0|0|20.3|22.6|392.6
28632872|0.050|6.0|0|20.3|21.1|393.7
28645372|0.050|6.0|0|20.2|19.0|394.9
28657872|0.050|6.0|0|20.2|18.5|394.3
28670372|0.050|6.0|0|20.3|22.9|391.7
28682872|0.050|6.0|0|20.4|21.8|393.4
28695372|0.050|6.0|0|20.3|18.5|394.6
28707872|0.050|6.0|0|20.2|18.2|394.4
28720372|0.050|6.0|0|20.3|21.7|392.5
28732872|0.050|6.0|0|20.4|23.2|393.0
28745372|0.050|6.0|0|20.3|19.0|394.7
28757872|0.050|6.0|0|20.2|18.6|394.5
28770372|0.050|6.0|0|20.4|22.6|392.1
28782872|0.050|6.0|0|20.4|21.1|393.8
28795372|0.050|6.0|0|20.3|18.5|394.8
28807872|0.050|6.0|0|20.2|18.1|394.6
28820372|0.050|6.0|0|20.3|22.4|392.4
28832872|0.050|6.0|0|20.4|22.0|393.3
28845372|0.050|6.0|0|20.3|18.9|394.2
28857872|0.050|6.0|0|20.2|18.5|394.2
28870372|0.050|6.0|0|20.3|22.1|392.0
28882872|0.050|6.0|0|20.4|22.0|393.6
28895372|0.050|6.0|0|20.3|17.6|395.2
28907872|0.050|6.0|0|20.2|18.3|394.3
28920372|0.050|6.0|0|20.3|22.6|392.5
28932872|0.050|6.0|0|20.4|21.9|393.2
28945372|0.050|6.0|0|20.3|18.3|395.2
28957872|0.050|6.0|0|20.2|18.3|394.4
28970372|0.050|6.0|0|20.3|22.3|392.1
28982872|0.050|6.0|0|20.4|22.1|393.9
28995372|0.050|6.0|0|20.2|18.1|394.8
29007872|0.050|6.0|0|20.2|18.5|394.6
29020372|0.050|6.0|0|20.3|22.8|391.9
29032872|0.050|6.0|0|20.4|23.2|392.5
29045372|0.050|6.0|0|20.3|18.1|394.8
29057872|0.050|6.0|0|20.2|18.1|394.8
29070372|0.050|6.0|0|20.3|23.1|392.4
29082872|0.050|6.0|0|20.4|21.8|394.1
29095372|0.050|6.0|0|20.3|19.1|394.7
29107872|0.050|6.0|0|20.2|18.0|394.4
29120372|0.050|6.0|0|20.4|22.9|391.9
29132872|0.050|6.0|0|20.5|22.3|393.3
29145372|0.050|6.0|0|20.4|18.7|395.2
29157872|0.050|6.0|0|20.3|18.4|394.6
29170372|0.050|6.0|0|20.3|21.8|392.7
29182872|0.050|6.0|0|20.4|21.3|393.9
29195372|0.050|6.0|0|20.3|19.3|394.3
29207872|0.050|6.0|0|20.2|18.1|394.5
29220372|0.050|6.0|0|20.3|21.9|392.6
29232872|0.050|6.0|0|20.4|22.8|392.6
29245372|0.050|6.0|0|20.3|18.4|394.8
29257872|0.050|6.0|0|20.2|17.8|394.8
29270372|0.050|6.0|0|20.3|22.3|392.4
29282872|0.050|6.0|0|20.4|21.9|393.8
29295372|0.050|6.0|0|20.3|18.1|394.8
29307872|0.050|6.0|0|20.2|18.9|394.5
29320372|0.050|6.0|0|20.3|22.5|392.4
29332872|0.050|6.0|0|20.5|23.2|393.5
29345372|0.050|6.0|0|20.4|18.8|394.4
29357872|0.050|6.0|0|20.3|18.7|394.2
29370372|0.050|6.0|0|20.4|22.0|392.4
29382872|0.050|6.0|0|20.4|20.9|394.1
29395372|0.050|6.0|0|20.3|18.8|394.8
29407872|0.050|6.0|0|20.2|17.8|394.9
29420372|0.050|6.0|0|20.3|22.6|392.1
29432872|0.050|6.0|0|20.4|21.6|393.6
29445372|0.050|6.0|0|20.3|18.5|394.8
29457872|0.050|6.0|0|20.2|18.9|394.1
29470372|0.050|6.0|0|20.3|22.4|392.4
29482872|0.050|6.0|0|20.4|21.4|393.2
29495372|0.050|6.0|0|20.3|18.8|394.0
29507872|0.050|6.0|0|20.2|19.0|393.8
29520372|0.050|6.0|0|20.4|23.1|391.9
29532872|0.050|6.0|0|20.4|21.4|393.4
29545372|0.050|6.0|0|20.3|18.0|394.8
29557872|0.050|6.0|0|20.2|18.1|394.3
29570372|0.050|6.0|0|20.3|22.6|391.7
29582872|0.050|6.0|0|20.4|21.8|393.5
29595372|0.050|6.0|0|20.3|18.5|394.4
29607872|0.050|6.0|0|20.2|19.0|393.9
29620372|0.050|6.0|0|20.4|23.2|392.2
29632872|0.050|6.0|0|20.4|21.6|393.5
29645372|0.050|6.0|0|20.3|18.2|394.8
29657872|0.050|6.0|0|20.2|18.1|394.9
29670372|0.050|6.0|0|20.3|22.4|392.3
29682872|0.050|6.0|0|20.4|21.4|393.7
29695372|0.050|6.0|0|20.3|18.6|394.8
29707872|0.050|6.0|0|20.2|18.3|394.6
29720372|0.050|6.0|0|20.3|22.2|391.9
29732872|0.050|6.0|0|20.4|21.7|393.6
29745372|0.050|6.0|0|20.2|18.1|394.8
29757872|0.050|6.0|0|20.1|17.7|394.7
29770372|0.050|6.0|0|20.2|22.3|392.3
29782872|0.050|6.0|0|20.3|20.9|393.8
29795372|0.050|6.0|0|20.1|17.3|394.6
29807872|0.050|6.0|0|20.1|19.4|394.2
29820372|0.050|6.0|0|20.2|22.1|392.4
29832872|0.050|6.0|0|20.3|22.1|393.3
29845372|0.050|6.0|0|20.2|18.4|394.7
29857872|0.050|6.0|0|20.1|18.9|393.8
29870372|0.050|6.0|0|20.2|22.4|392.1
29882872|0.050|6.0|0|20.3|21.3|393.5
29895372|0.050|6.0|0|20.2|18.6|394.3
29907872|0.050|6.0|0|20.1|18.1|394.4
29920372|0.050|6.0|0|20.3|23.6|391.8
29932872|0.050|6.0|0|20.4|22.1|393.6
29945372|0.050|6.0|0|20.3|18.3|394.7
29957872|0.050|6.0|0|20.2|18.6|394.3
29970372|0.050|6.0|0|20.3|21.8|392.8
29982872|0.050|6.0|0|20.3|20.7|393.6
29995372|0.050|6.0|0|20.2|18.4|394.6
30007872|0.050|6.0|0|20.1|18.4|394.1
30020372|0.050|6.0|0|20.2|22.6|392.4
30032872|0.050|6.0|0|20.3|21.6|393.3
30045372|0.050|6.0|0|20.2|17.9|394.9
30057872|0.050|6.0|0|20.1|18.6|394.3
30070372|0.050|6.0|0|20.2|22.6|392.3
30082872|0.050|6.0|0|20.2|20.6|393.9
30095372|0.050|6.0|0|20.1|18.4|395.0
30107872|0.050|6.0|0|20.1|19.7|394.1
30120372|0.050|6.0|0|20.3|23.4|391.9
30132872|0.050|6.0|0|20.3|21.3|393.8
30145372|0.050|6.0|0|20.2|18.3|394.9
30157872|0.050|6.0|0|20.1|17.9|394.5
30170372|0.050|6.0|0|20.2|22.8|392.1
30182872|0.050|6.0|0|20.3|21.5|393.9
30195372|0.050|6.0|0|20.2|18.4|394.4
30207872|0.050|6.0|0|20.1|18.6|394.0
30220372|0.050|6.0|0|20.3|23.6|391.2
30232872|0.050|6.0|0|20.4|22.3|393.3
30245372|0.050|6.0|0|20.3|18.4|394.4
30257872|0.050|6.0|0|20.2|19.2|393.6
30270372|0.050|6.0|0|20.4|22.9|392.1
30282872|0.050|6.0|0|20.4|20.8|394.1
30295372|0.050|6.0|0|20.3|18.2|394.8
30307872|0.050|6.0|0|20.2|18.7|394.4
30320372|0.050|6.0|0|20.3|22.9|391.4
30332872|0.050|6.0|0|20.4|21.5|393.5
30345372|0.050|6.0|0|20.3|18.6|394.6
30357872|0.050|6.0|0|20.2|18.8|394.3
30370372|0.050|6.0|0|20.3|22.4|392.7
30382872|0.050|6.0|0|20.4|21.4|394.3
30395372|0.050|6.0|0|20.3|17.8|394.7
30407872|0.050|6.0|0|20.2|18.6|394.2
30420372|0.050|6.0|0|20.3|21.9|392.3
30432872|0.050|6.0|0|20.4|22.0|393.3
30445372|0.050|6.0|0|20.2|17.4|395.1
30457872|0.050|6.0|0|20.1|18.8|394.1
30470372|0.050|6.0|0|20.2|22.0|392.2
30482872|0.050|6.0|0|20.3|20.8|393.7
30495372|0.050|6.0|0|20.2|18.3|394.6
30507872|0.050|6.0|0|20.1|18.9|394.0
30520372|0.050|6.0|0|20.2|22.8|392.1
30532872|0.050|6.0|0|20.3|21.9|393.3
30545372|0.050|6.0|0|20.2|18.3|394.9
30557872|0.050|6.0|0|20.1|18.9|394.0
30570372|0.050|6.0|0|20.3|22.3|392.3
30582872|0.050|6.0|0|20.3|22.0|392.6
30595372|0.050|6.0|0|20.2|17.9|394.9
30607872|0.050|6.0|0|20.2|18.9|393.9
30620372|0.050|6.0|0|20.3|22.4|391.9
30632872|0.050|6.0|0|20.3|21.2|393.8
30645372|0.050|6.0|0|20.2|17.6|395.1
30657872|0.050|6.0|0|20.1|19.2|394.1
30670372|0.050|6.0|0|20.2|22.3|392.1
30682872|0.050|6.0|0|20.3|22.0|393.4
30695372|0.050|6.0|0|20.2|18.0|394.3
30707872|0.050|6.0|0|20.2|19.1|393.9
30720372|0.050|6.0|0|20.3|22.4|392.0
30732872|0.050|6.0|0|20.3|21.5|393.3
30745372|0.050|6.0|0|20.2|18.6|394.4
30757872|0.050|6.0|0|20.2|18.5|394.2
30770372|0.050|6.0|0|20.3|22.8|392.5
30782872|0.050|6.0|0|20.3|20.8|393.6
30795372|0.050|6.0|0|20.2|18.3|394.4
30807872|0.050|6.0|0|20.1|19.1|393.5
30820372|0.050|6.0|0|20.3|22.8|392.1
30832872|0.050|6.0|0|20.4|22.0|393.5
30845372|0.050|6.0|0|20.2|17.8|395.0
30857872|0.050|6.0|0|20.2|19.1|393.9
30870372|0.050|6.0|0|20.3|22.3|392.6
30882872|0.050|6.0|0|20.3|21.4|393.7
30895372|0.050|6.0|0|20.2|18.5|394.5
30907872|0.050|6.0|0|20.2|18.9|394.1
30920372|0.050|6.0|0|20.3|22.4|392.3
30932872|0.050|6.0|0|20.4|22.1|393.6
30945372|0.050|6.0|0|20.3|18.3|394.3
30957872|0.050|6.0|0|20.2|19.1|393.5
30970372|0.050|6.0|0|20.3|22.0|392.6
30982872|0.050|6.0|0|20.4|21.2|393.9
30995372|0.050|6.0|0|20.2|18.1|394.4
31007872|0.050|6.0|0|20.2|19.8|393.6
31020372|0.050|6.0|0|20.3|22.3|391.9
31032872|0.050|6.0|0|20.4|21.8|393.4
31045372|0.050|6.0|0|20.3|17.8|394.8
31057872|0.050|6.0|0|20.2|18.8|394.2
31070372|0.050|6.0|0|20.3|22.4|392.8
31082872|0.050|6.0|0|20.3|20.6|393.9
31095372|0.050|6.0|0|20.2|18.2|394.3
31107872|0.050|6.0|0|20.2|19.1|393.8
31120372|0.050|6.0|0|20.3|22.7|392.3
31132872|0.050|6.0|0|20.3|21.1|393.6
31145372|0.050|6.0|0|20.2|18.3|394.4
31157872|0.050|6.0|0|20.1|18.8|394.0
31170372|0.050|6.0|0|20.2|22.0|392.4
31182872|0.050|6.0|0|20.3|21.6|393.8
31195372|0.050|6.0|0|20.2|17.5|394.7
31207872|0.050|6.0|0|20.1|19.0|393.6
31220372|0.050|6.0|0|20.2|22.1|392.3
31232872|0.050|6.0|0|20.2|20.9|393.9
31245372|0.050|6.0|0|20.1|18.2|394.3
31257872|0.050|6.0|0|20.1|19.4|393.6
31270372|0.050|6.0|0|20.2|22.7|392.7
31282872|0.050|6.0|0|20.3|21.2|393.6
31295372|0.050|6.0|0|20.1|16.8|395.3
31307872|0.050|6.0|0|20.0|18.8|394.0
31320372|0.050|6.0|0|20.2|23.4|391.6
31332872|0.050|6.0|0|20.2|20.0|394.0
31345372|0.050|6.0|0|20.1|17.7|394.4
31357872|0.050|6.0|0|20.0|18.7|393.9
31370372|0.050|6.0|0|20.1|22.0|392.4
31382872|0.050|6.0|0|20.1|20.9|393.4
31395372|0.050|6.0|0|20.0|17.9|394.5
31407872|0.050|6.0|0|20.0|18.6|393.8
31420372|0.050|6.0|0|20.1|22.1|392.0
31432872|0.050|6.0|0|20.2|22.3|393.3
31445372|0.050|6.0|0|20.0|17.6|394.8
31457872|0.050|6.0|0|20.0|18.1|394.0
31470372|0.050|6.0|0|20.1|22.4|391.9
31482872|0.050|6.0|0|20.1|20.4|393.9
31495372|0.050|6.0|0|19.9|17.2|394.8
31507872|0.050|6.0|0|19.9|19.9|393.3
31520372|0.050|6.0|0|20.1|22.9|391.6
31532872|0.050|6.0|0|20.1|20.9|393.7
31545372|0.050|6.0|0|20.0|17.9|394.6
31557872|0.050|6.0|0|20.0|19.4|393.4
31570372|0.050|6.0|0|20.1|22.4|392.2
31582872|0.050|6.0|0|20.1|20.2|393.7
31595372|0.050|6.0|0|20.0|17.4|394.6
31607872|0.050|6.0|0|20.0|20.3|393.6
31620372|0.050|6.0|0|20.1|22.3|392.3
31632872|0.050|6.0|0|20.2|21.2|393.7
31645372|0.050|6.0|0|20.0|17.1|394.4
31657872|0.050|6.0|0|20.0|19.2|393.8
31670372|0.050|6.0|0|20.1|22.7|392.1
31682872|0.050|6.0|0|20.1|20.8|393.6
31695372|0.050|6.0|0|20.0|17.6|394.4
31707872|0.050|6.0|0|20.0|20.3|393.6
31720372|0.050|6.0|0|20.1|22.3|391.9
31732872|0.050|6.0|0|20.2|21.4|393.8
31745372|0.050|6.0|0|20.1|17.6|394.7
31757872|0.050|6.0|0|20.0|19.1|393.6
31770372|0.050|6.0|0|20.1|22.6|391.9
31782872|0.050|6.0|0|20.2|20.3|393.9
31795372|0.050|6.0|0|20.0|17.7|394.6
31807872|0.050|6.0|0|20.0|19.3|393.2
31820372|0.050|6.0|0|20.1|22.5|392.1
31832872|0.050|6.0|0|20.2|21.6|393.3
31845372|0.050|6.0|0|20.1|17.4|394.3
31857872|0.050|6.0|0|20.0|19.6|393.3
31870372|0.050|6.0|0|20.2|23.3|391.6
31882872|0.050|6.0|0|20.2|20.9|393.9
31895372|0.050|6.0|0|20.1|17.8|394.4
31907872|0.050|6.0|0|20.1|19.3|393.5
31920372|0.050|6.0|0|20.2|22.7|391.9
31932872|0.050|6.0|0|20.3|21.9|393.3
31945372|0.050|6.0|0|20.2|17.6|394.8
31957872|0.050|6.0|0|20.1|19.9|393.4
